gis_acres,total_acres,lot_size_sqft,latitude,longitude,tax_year,hpi_index,hpi_yoy_change_pct,hpi_period_change_pct,mortgage_rate,mortgage_rate_4week_avg,mortgage_rate_13week_avg,mortgage_rate_change_52week,unemployment_rate,unemployment_rate_3month_avg,unemployment_rate_12month_avg,unemployment_pressure_score,site_city,site_state,site_zip_code,county_name,property_type,property_type_group,model_segment,is_residential,actual_proxy_value,predicted_proxy_value,absolute_error,percent_error
3.051637039588435,3.17,132929.30944447222,45.91271779865,-108.38340027378113,2026,418.01,4.408532320911185,-1.4220356570134984,6.71,6.6725,6.582307692307693,0.20999999999999996,4.1,4.133333333333334,4.3,41.0,BILLINGS,MT,59105,Yellowstone,Improved Property,improved_property,improved_unknown,missing,353100.0,353100.9005446116,0.9005446116207168,0.0002550395388333947
1.0413190489601678,1.037,45359.85777270491,45.74184697336574,-108.73509185503194,2026,418.01,4.408532320911185,-1.4220356570134984,6.71,6.6725,6.582307692307693,0.20999999999999996,4.1,4.133333333333334,4.3,41.0,BILLINGS,MT,59106,Yellowstone,Improved Property,improved_property,improved_unknown,missing,486000.0,486042.53789545153,42.53789545153268,0.008752653385089028
158.66944625181185,160.0,6911641.0787289245,45.99756975410252,-108.58643767462222,2026,418.01,4.408532320911185,-1.4220356570134984,6.71,6.6725,6.582307692307693,0.20999999999999996,4.1,4.133333333333334,4.3,41.0,missing,missing,missing,Yellowstone,Vacant Land,vacant_land,land,False,10971.0,10970.030960474725,0.9690395252746384,0.00883273653518037
0.1529575161962983,0.153,6662.8294055107535,45.76058796306154,-108.52927829869469,2026,418.01,4.408532320911185,-1.4220356570134984,6.71,6.6725,6.582307692307693,0.20999999999999996,4.1,4.133333333333334,4.3,41.0,BILLINGS,MT,59101,Yellowstone,Improved Property,improved_property,improved_unknown,missing,268400.0,268427.6105405296,27.61054052959662,0.01028708663546819
0.1654746527945936,0.172,7208.0758757324975,45.77649768448842,-108.5605899011858,2026,418.01,4.408532320911185,-1.4220356570134984,6.71,6.6725,6.582307692307693,0.20999999999999996,4.1,4.133333333333334,4.3,41.0,BILLINGS,MT,59102,Yellowstone,Improved Property,improved_property,improved_unknown,missing,304900.0,304933.94709620037,33.94709620036883,0.011133845916814966
0.19878985140720692,0.199,8659.285927297933,45.79791553759338,-108.53718292454562,2026,418.01,4.408532320911185,-1.4220356570134984,6.71,6.6725,6.582307692307693,0.20999999999999996,4.1,4.133333333333334,4.3,41.0,BILLINGS,MT,59102,Yellowstone,Improved Property,improved_property,improved_unknown,missing,342900.0,342938.2883967557,38.28839675569907,0.011166053297083426
0.01903509089693149,0.0,829.1685594703356,45.75812571603944,-108.61689111426826,2026,418.01,4.408532320911185,-1.4220356570134984,6.71,6.6725,6.582307692307693,0.20999999999999996,4.1,4.133333333333334,4.3,41.0,BILLINGS,MT,59102,Yellowstone,Condominium,condominium,residential,True,246900.0,246871.9523463032,28.047653696790803,0.011359924543050143
0.4591713218600248,0.459,20001.50278022268,45.818877793953355,-108.39623497337543,2026,418.01,4.408532320911185,-1.4220356570134984,6.71,6.6725,6.582307692307693,0.20999999999999996,4.1,4.133333333333334,4.3,41.0,BILLINGS,MT,59101,Yellowstone,Improved Property,improved_property,improved_unknown,missing,365900.0,365944.9852932495,44.98529324948322,0.012294422861296317
0.1619785308420563,0.161,7055.784803479973,45.75931126767607,-108.60680710271598,2026,418.01,4.408532320911185,-1.4220356570134984,6.71,6.6725,6.582307692307693,0.20999999999999996,4.1,4.133333333333334,4.3,41.0,BILLINGS,MT,59102,Yellowstone,Improved Property,improved_property,improved_unknown,missing,339300.0,339256.9153464347,43.08465356531087,0.012698100078193596
0.21683860059674634,0.217,9445.48944199427,45.78004585345425,-108.58369405540422,2026,418.01,4.408532320911185,-1.4220356570134984,6.71,6.6725,6.582307692307693,0.20999999999999996,4.1,4.133333333333334,4.3,41.0,BILLINGS,MT,59102,Yellowstone,Improved Property,improved_property,improved_unknown,missing,351100.0,351150.4290807241,50.4290807240759,0.014363167395065764
0.18848013541865072,0.189,8210.194698836425,45.77997671491869,-108.66205565828363,2026,418.01,4.408532320911185,-1.4220356570134984,6.71,6.6725,6.582307692307693,0.20999999999999996,4.1,4.133333333333334,4.3,41.0,BILLINGS,MT,59106,Yellowstone,Improved Property,improved_property,improved_unknown,missing,459700.0,459791.93236480624,91.93236480624182,0.019998339092069137
0.23913558046931768,0.239,10416.745885243477,45.77032468510385,-108.59516669674522,2026,418.01,4.408532320911185,-1.4220356570134984,6.71,6.6725,6.582307692307693,0.20999999999999996,4.1,4.133333333333334,4.3,41.0,BILLINGS,MT,59102,Yellowstone,Improved Property,improved_property,improved_unknown,missing,377300.0,377223.01451901346,76.98548098653555,0.020404315130277115
0.13889045804574532,0.139,6050.068352472666,45.76838515400019,-108.54689274448887,2026,418.01,4.408532320911185,-1.4220356570134984,6.71,6.6725,6.582307692307693,0.20999999999999996,4.1,4.133333333333334,4.3,41.0,BILLINGS,MT,59101,Yellowstone,Improved Property,improved_property,improved_unknown,missing,275300.0,275241.74580190046,58.25419809954474,0.021160260842551668
0.11479999055374948,0.115,5000.687588521328,45.75424656593225,-108.51389982070174,2026,418.01,4.408532320911185,-1.4220356570134984,6.71,6.6725,6.582307692307693,0.20999999999999996,4.1,4.133333333333334,4.3,41.0,BILLINGS,MT,59101,Yellowstone,Improved Property,improved_property,improved_unknown,missing,263800.0,263737.6426922442,62.35730775579577,0.02363809998324328
0.13860064132114383,0.161,6037.443935949025,45.77198676107188,-108.51154006527169,2026,418.01,4.408532320911185,-1.4220356570134984,6.71,6.6725,6.582307692307693,0.20999999999999996,4.1,4.133333333333334,4.3,41.0,BILLINGS,MT,59101,Yellowstone,Improved Property,improved_property,improved_unknown,missing,271000.0,271065.6007642319,65.60076423187274,0.02420692407080175
0.16148426617857284,0.161,7034.254634738633,45.82483661708108,-108.48406710341476,2026,418.01,4.408532320911185,-1.4220356570134984,6.71,6.6725,6.582307692307693,0.20999999999999996,4.1,4.133333333333334,4.3,41.0,BILLINGS,MT,59105,Yellowstone,Improved Property,improved_property,improved_unknown,missing,325100.0,325183.0386435684,83.03864356840495,0.025542492638697307
79.49867166344951,76.46,3462962.137659861,45.96215850596933,-108.13015152059343,2026,418.01,4.408532320911185,-1.4220356570134984,6.71,6.6725,6.582307692307693,0.20999999999999996,4.1,4.133333333333334,4.3,41.0,missing,missing,missing,Yellowstone,Improved Property,improved_property,improved_unknown,missing,118826.0,118794.82930538122,31.170694618776906,0.026232217375639088
0.1957731792605301,0.196,8527.879688588691,45.77172467164683,-108.59090997955408,2026,418.01,4.408532320911185,-1.4220356570134984,6.71,6.6725,6.582307692307693,0.20999999999999996,4.1,4.133333333333334,4.3,41.0,BILLINGS,MT,59102,Yellowstone,Improved Property,improved_property,improved_unknown,missing,352500.0,352404.8949496732,95.10505032679066,0.026980156121075367
0.20230641519967085,0.202,8812.467446097662,45.77771638806172,-108.5811889771528,2026,418.01,4.408532320911185,-1.4220356570134984,6.71,6.6725,6.582307692307693,0.20999999999999996,4.1,4.133333333333334,4.3,41.0,BILLINGS,MT,59102,Yellowstone,Improved Property,improved_property,improved_unknown,missing,340600.0,340502.24921119754,97.75078880245565,0.028699585673063903
0.19529600670862857,0.195,8507.09405222786,45.79835835554363,-108.54055550600579,2026,418.01,4.408532320911185,-1.4220356570134984,6.71,6.6725,6.582307692307693,0.20999999999999996,4.1,4.133333333333334,4.3,41.0,BILLINGS,MT,59102,Yellowstone,Improved Property,improved_property,improved_unknown,missing,321300.0,321204.66571127076,95.33428872923832,0.02967142506356624
0.03863321149594915,0.041,1682.862692763545,45.74310235429129,-108.55138056350155,2026,418.01,4.408532320911185,-1.4220356570134984,6.71,6.6725,6.582307692307693,0.20999999999999996,4.1,4.133333333333334,4.3,41.0,BILLINGS,MT,59101,Yellowstone,Townhouse,townhouse,residential,True,287800.0,287885.6826773485,85.6826773484936,0.029771604360143707
0.16112833537364804,0.162,7018.750288876108,45.78663700398152,-108.52821431896795,2026,418.01,4.408532320911185,-1.4220356570134984,6.71,6.6725,6.582307692307693,0.20999999999999996,4.1,4.133333333333334,4.3,41.0,BILLINGS,MT,59101,Yellowstone,Improved Property,improved_property,improved_unknown,missing,293600.0,293691.04556596576,91.04556596576003,0.031010070151825626
0.1562933837524981,0.164,6808.139796258817,45.777667127804904,-108.55775364387156,2026,418.01,4.408532320911185,-1.4220356570134984,6.71,6.6725,6.582307692307693,0.20999999999999996,4.1,4.133333333333334,4.3,41.0,BILLINGS,MT,59102,Yellowstone,Improved Property,improved_property,improved_unknown,missing,302700.0,302602.83423878206,97.1657612179406,0.032099689863872016
0.22040579463144952,0.22,9600.876414145941,45.7894249548125,-108.61253548007626,2026,418.01,4.408532320911185,-1.4220356570134984,6.71,6.6725,6.582307692307693,0.20999999999999996,4.1,4.133333333333334,4.3,41.0,BILLINGS,MT,59102,Yellowstone,Improved Property,improved_property,improved_unknown,missing,458700.0,458546.17499158275,153.82500841724686,0.033534992024688653
0.17053296321977607,0.161,7428.415877853446,45.75759309602503,-108.61013167125799,2026,418.01,4.408532320911185,-1.4220356570134984,6.71,6.6725,6.582307692307693,0.20999999999999996,4.1,4.133333333333334,4.3,41.0,BILLINGS,MT,59102,Yellowstone,Improved Property,improved_property,improved_unknown,missing,338400.0,338513.67459746375,113.67459746374516,0.03359178412049207
0.19934180126311127,0.199,8683.328863021126,45.78634292439019,-108.56615033758851,2026,418.01,4.408532320911185,-1.4220356570134984,6.71,6.6725,6.582307692307693,0.20999999999999996,4.1,4.133333333333334,4.3,41.0,BILLINGS,MT,59102,Yellowstone,Improved Property,improved_property,improved_unknown,missing,337600.0,337482.8389713118,117.16102868819144,0.034704096175412154
0.03930976218201351,0.0,1712.3332406485085,45.76765964362366,-108.58674039524776,2026,418.01,4.408532320911185,-1.4220356570134984,6.71,6.6725,6.582307692307693,0.20999999999999996,4.1,4.133333333333334,4.3,41.0,BILLINGS,MT,59102,Yellowstone,Condominium,condominium,residential,True,315600.0,315488.60854236234,111.39145763765555,0.03529513866845867
0.18449521162631954,0.185,8036.61141844248,45.76185946547282,-108.5678692499643,2026,418.01,4.408532320911185,-1.4220356570134984,6.71,6.6725,6.582307692307693,0.20999999999999996,4.1,4.133333333333334,4.3,41.0,BILLINGS,MT,59102,Yellowstone,Improved Property,improved_property,improved_unknown,missing,336500.0,336624.1067820903,124.1067820903263,0.03688165886785329
0.032992401686667415,0.046,1437.1490174712326,45.7432470577727,-108.54733589080514,2026,418.01,4.408532320911185,-1.4220356570134984,6.71,6.6725,6.582307692307693,0.20999999999999996,4.1,4.133333333333334,4.3,41.0,BILLINGS,MT,59101,Yellowstone,Townhouse,townhouse,residential,True,269400.0,269296.75260139187,103.24739860813133,0.03832494380405766
5.437546305037338,5.281,236859.51704742643,45.772428142669746,-108.48812165308301,2026,418.01,4.408532320911185,-1.4220356570134984,6.71,6.6725,6.582307692307693,0.20999999999999996,4.1,4.133333333333334,4.3,41.0,BILLINGS,MT,59101,Yellowstone,Improved Property,improved_property,improved_unknown,missing,659500.0,659761.4112921053,261.4112921053311,0.03963780016760138
0.16275351687529724,0.161,7089.543195087947,45.75911072172087,-108.6076084245772,2026,418.01,4.408532320911185,-1.4220356570134984,6.71,6.6725,6.582307692307693,0.20999999999999996,4.1,4.133333333333334,4.3,41.0,BILLINGS,MT,59102,Yellowstone,Improved Property,improved_property,improved_unknown,missing,339300.0,339153.1741088258,146.8258911742014,0.04327317747544986
0.13795103385002963,0.138,6009.14703450729,45.76191532078673,-108.527812939556,2026,418.01,4.408532320911185,-1.4220356570134984,6.71,6.6725,6.582307692307693,0.20999999999999996,4.1,4.133333333333334,4.3,41.0,BILLINGS,MT,59101,Yellowstone,Improved Property,improved_property,improved_unknown,missing,277100.0,276972.0032098008,127.99679019919131,0.04619155185824299
0.14701890108012,0.161,6404.143331050027,45.7565922153572,-108.60466079922662,2026,418.01,4.408532320911185,-1.4220356570134984,6.71,6.6725,6.582307692307693,0.20999999999999996,4.1,4.133333333333334,4.3,41.0,BILLINGS,MT,59102,Yellowstone,Improved Property,improved_property,improved_unknown,missing,323600.0,323749.60086041404,149.60086041403702,0.04623017936156892
0.15132047588983052,0.161,6591.519929761018,45.783727342514354,-108.5350647794674,2026,418.01,4.408532320911185,-1.4220356570134984,6.71,6.6725,6.582307692307693,0.20999999999999996,4.1,4.133333333333334,4.3,41.0,BILLINGS,MT,59102,Yellowstone,Improved Property,improved_property,improved_unknown,missing,271700.0,271836.60141581786,136.60141581785865,0.050276560845733766
0.1472695603315776,0.161,6415.06204804352,45.7807772565895,-108.53092852822782,2026,418.01,4.408532320911185,-1.4220356570134984,6.71,6.6725,6.582307692307693,0.20999999999999996,4.1,4.133333333333334,4.3,41.0,BILLINGS,MT,59101,Yellowstone,Improved Property,improved_property,improved_unknown,missing,299300.0,299147.7732133575,152.22678664250998,0.05086093773555295
0.011755529496880962,0.0,512.0708648841347,45.760851151431915,-108.59853938029036,2026,418.01,4.408532320911185,-1.4220356570134984,6.71,6.6725,6.582307692307693,0.20999999999999996,4.1,4.133333333333334,4.3,41.0,BILLINGS,MT,59106,Yellowstone,Condominium,condominium,residential,True,206200.0,206305.6341458917,105.63414589170134,0.0512289747292441
0.24438114356695556,0.244,10645.242613776585,45.8268237955109,-108.45584785023323,2026,418.01,4.408532320911185,-1.4220356570134984,6.71,6.6725,6.582307692307693,0.20999999999999996,4.1,4.133333333333334,4.3,41.0,BILLINGS,MT,59105,Yellowstone,Improved Property,improved_property,improved_unknown,missing,337700.0,337880.760922821,180.7609228210058,0.05352707220047551
0.07302891441382992,0.073,3181.139511866431,45.74013116720864,-108.54910732164808,2026,418.01,4.408532320911185,-1.4220356570134984,6.71,6.6725,6.582307692307693,0.20999999999999996,4.1,4.133333333333334,4.3,41.0,BILLINGS,MT,59101,Yellowstone,Improved Property,improved_property,improved_unknown,missing,364900.0,365101.68602655135,201.68602655135328,0.05527158853147528
0.01999541977474114,0.0,871.0004853877241,45.75636209819083,-108.6123246702441,2026,418.01,4.408532320911185,-1.4220356570134984,6.71,6.6725,6.582307692307693,0.20999999999999996,4.1,4.133333333333334,4.3,41.0,BILLINGS,MT,59102,Yellowstone,Condominium,condominium,residential,True,250900.0,251042.18196423748,142.18196423747577,0.05666877809385244
0.31907797722288805,0.319,13899.036687829004,45.790065028978965,-108.6250891047263,2026,418.01,4.408532320911185,-1.4220356570134984,6.71,6.6725,6.582307692307693,0.20999999999999996,4.1,4.133333333333334,4.3,41.0,BILLINGS,MT,59106,Yellowstone,Improved Property,improved_property,improved_unknown,missing,604900.0,604552.0713078383,347.92869216168765,0.05751838190803235
0.01184148428067491,0.0,515.8150552661991,45.76160008845661,-108.59871661042762,2026,418.01,4.408532320911185,-1.4220356570134984,6.71,6.6725,6.582307692307693,0.20999999999999996,4.1,4.133333333333334,4.3,41.0,BILLINGS,MT,59106,Yellowstone,Condominium,condominium,residential,True,205300.0,205177.3594115426,122.6405884574051,0.05973725692031423
0.48467665072104293,0.485,21112.51490540863,45.746654745209426,-108.5482299760807,2026,418.01,4.408532320911185,-1.4220356570134984,6.71,6.6725,6.582307692307693,0.20999999999999996,4.1,4.133333333333334,4.3,41.0,BILLINGS,MT,59101,Yellowstone,Improved Property,improved_property,improved_unknown,missing,426700.0,426433.2098122662,266.79018773377175,0.06252406555748108
0.2167935222451512,0.217,9443.525828998787,45.779135063083935,-108.58369158319674,2026,418.01,4.408532320911185,-1.4220356570134984,6.71,6.6725,6.582307692307693,0.20999999999999996,4.1,4.133333333333334,4.3,41.0,BILLINGS,MT,59102,Yellowstone,Improved Property,improved_property,improved_unknown,missing,350900.0,351120.2071575641,220.20715756411664,0.06275496083331908
0.20111455802588338,0.201,8760.55014760748,45.83891407548461,-108.5095676117356,2026,418.01,4.408532320911185,-1.4220356570134984,6.71,6.6725,6.582307692307693,0.20999999999999996,4.1,4.133333333333334,4.3,41.0,BILLINGS,MT,59105,Yellowstone,Improved Property,improved_property,improved_unknown,missing,350700.0,350923.99980102194,223.9998010219424,0.06387219875162316
0.688456814891076,0.683,29989.17885665527,45.719354187310756,-108.62797488012389,2026,418.01,4.408532320911185,-1.4220356570134984,6.71,6.6725,6.582307692307693,0.20999999999999996,4.1,4.133333333333334,4.3,41.0,BILLINGS,MT,59101,Yellowstone,Improved Property,improved_property,improved_unknown,missing,435800.0,435520.9120977323,279.08790226769634,0.06404036307198172
0.12449730216132081,0.0,5423.102482147135,45.82502415896603,-108.44234031149158,2026,418.01,4.408532320911185,-1.4220356570134984,6.71,6.6725,6.582307692307693,0.20999999999999996,4.1,4.133333333333334,4.3,41.0,BILLINGS,MT,59105,Yellowstone,Improved Property,improved_property,improved_unknown,missing,83900.0,83956.01704978356,56.01704978356429,0.0667664478945939
0.14273518232988594,0.161,6217.544542289832,45.78333279776259,-108.52085614312655,2026,418.01,4.408532320911185,-1.4220356570134984,6.71,6.6725,6.582307692307693,0.20999999999999996,4.1,4.133333333333334,4.3,41.0,BILLINGS,MT,59101,Yellowstone,Improved Property,improved_property,improved_unknown,missing,310200.0,309990.571967006,209.4280329939793,0.06751387266085729
0.17536496080870143,0.177,7638.897692827034,45.76666368460923,-108.5665679923722,2026,418.01,4.408532320911185,-1.4220356570134984,6.71,6.6725,6.582307692307693,0.20999999999999996,4.1,4.133333333333334,4.3,41.0,BILLINGS,MT,59102,Yellowstone,Improved Property,improved_property,improved_unknown,missing,329800.0,330024.98587214213,224.9858721421333,0.06821888178960986
0.22925908621894814,0.23,9986.52579569738,45.81809192575501,-108.48592204212966,2026,418.01,4.408532320911185,-1.4220356570134984,6.71,6.6725,6.582307692307693,0.20999999999999996,4.1,4.133333333333334,4.3,41.0,BILLINGS,MT,59105,Yellowstone,Improved Property,improved_property,improved_unknown,missing,389300.0,389030.72722364654,269.272776353464,0.06916845012932546
19.918030866694853,20.0,867629.4245532277,45.80352939163501,-108.87711046361021,2026,418.01,4.408532320911185,-1.4220356570134984,6.71,6.6725,6.582307692307693,0.20999999999999996,4.1,4.133333333333334,4.3,41.0,MOLT,MT,59057,Yellowstone,Improved Property,improved_property,improved_unknown,missing,396884.0,396595.16507470974,288.83492529025534,0.07277565366461115
0.3581276012164219,0.358,15600.038308987338,45.83531475892254,-108.49012552396718,2026,418.01,4.408532320911185,-1.4220356570134984,6.71,6.6725,6.582307692307693,0.20999999999999996,4.1,4.133333333333334,4.3,41.0,BILLINGS,MT,59105,Yellowstone,Improved Property,improved_property,improved_unknown,missing,449500.0,449167.18708517664,332.81291482335655,0.07404069295291581
0.1491407035741576,0.149,6496.569047690305,45.77427232196882,-108.57658594886585,2026,418.01,4.408532320911185,-1.4220356570134984,6.71,6.6725,6.582307692307693,0.20999999999999996,4.1,4.133333333333334,4.3,41.0,BILLINGS,MT,59102,Yellowstone,Improved Property,improved_property,improved_unknown,missing,317900.0,317660.39684381965,239.60315618035384,0.0753706059076294
0.14348960219341533,0.143,6250.407071545172,45.76719684111025,-108.51282057883986,2026,418.01,4.408532320911185,-1.4220356570134984,6.71,6.6725,6.582307692307693,0.20999999999999996,4.1,4.133333333333334,4.3,41.0,BILLINGS,MT,59101,Yellowstone,Improved Property,improved_property,improved_unknown,missing,233600.0,233784.04008684753,184.04008684752625,0.07878428375322186
0.1661816912939393,0.163,7238.874472763996,45.76780480370752,-108.57034013068652,2026,418.01,4.408532320911185,-1.4220356570134984,6.71,6.6725,6.582307692307693,0.20999999999999996,4.1,4.133333333333334,4.3,41.0,BILLINGS,MT,59102,Yellowstone,Improved Property,improved_property,improved_unknown,missing,325800.0,326069.1560249904,269.1560249904287,0.08261388121253183
0.22038155497229778,0.22,9599.820534593291,45.822565328265576,-108.50617902391666,2026,418.01,4.408532320911185,-1.4220356570134984,6.71,6.6725,6.582307692307693,0.20999999999999996,4.1,4.133333333333334,4.3,41.0,BILLINGS,MT,59105,Yellowstone,Improved Property,improved_property,improved_unknown,missing,373600.0,373912.9483117837,312.9483117837226,0.08376560807915487
0.029900814680004106,0.0,1302.4794874609788,45.76594934597698,-108.60069615010467,2026,418.01,4.408532320911185,-1.4220356570134984,6.71,6.6725,6.582307692307693,0.20999999999999996,4.1,4.133333333333334,4.3,41.0,BILLINGS,MT,59102,Yellowstone,Condominium,condominium,residential,True,291200.0,290950.59799852263,249.4020014773705,0.08564629171612999
0.17659987782258285,0.169,7692.690677951709,45.76401936318906,-108.56909833838243,2026,418.01,4.408532320911185,-1.4220356570134984,6.71,6.6725,6.582307692307693,0.20999999999999996,4.1,4.133333333333334,4.3,41.0,BILLINGS,MT,59102,Yellowstone,Improved Property,improved_property,improved_unknown,missing,331600.0,331886.0212343384,286.0212343384046,0.08625489575947064
0.011743567573597059,0.0,511.5498035058879,45.76191576729842,-108.59897866552922,2026,418.01,4.408532320911185,-1.4220356570134984,6.71,6.6725,6.582307692307693,0.20999999999999996,4.1,4.133333333333334,4.3,41.0,BILLINGS,MT,59106,Yellowstone,Condominium,condominium,residential,True,205800.0,205977.57892743213,177.5789274321287,0.08628713675030548
0.24218145599624638,0.241,10549.424223196493,45.77916075759393,-108.56809019414608,2026,418.01,4.408532320911185,-1.4220356570134984,6.71,6.6725,6.582307692307693,0.20999999999999996,4.1,4.133333333333334,4.3,41.0,BILLINGS,MT,59102,Yellowstone,Improved Property,improved_property,improved_unknown,missing,357400.0,357086.3330948067,313.6669051932986,0.0877635437026577
0.011376460684851937,0.0,495.5586274321504,45.76166404422162,-108.59958586750876,2026,418.01,4.408532320911185,-1.4220356570134984,6.71,6.6725,6.582307692307693,0.20999999999999996,4.1,4.133333333333334,4.3,41.0,BILLINGS,MT,59106,Yellowstone,Condominium,condominium,residential,True,205300.0,205115.5622924376,184.437707562407,0.08983814299191768
0.021925158790511073,0.032,955.0599169146624,45.810135265972406,-108.47484206736182,2026,418.01,4.408532320911185,-1.4220356570134984,6.71,6.6725,6.582307692307693,0.20999999999999996,4.1,4.133333333333334,4.3,41.0,BILLINGS,MT,59105,Yellowstone,Townhouse,townhouse,residential,True,297800.0,297515.73926635424,284.2607336457586,0.09545357073396864
0.2492802657426899,0.249,10858.648375751573,45.800093899259764,-108.61430433680236,2026,418.01,4.408532320911185,-1.4220356570134984,6.71,6.6725,6.582307692307693,0.20999999999999996,4.1,4.133333333333334,4.3,41.0,BILLINGS,MT,59106,Yellowstone,Improved Property,improved_property,improved_unknown,missing,489900.0,489431.8221830951,468.17781690490665,0.09556599651049329
0.17039081173449647,0.199,7422.223759154666,45.79754523243271,-108.53786081284532,2026,418.01,4.408532320911185,-1.4220356570134984,6.71,6.6725,6.582307692307693,0.20999999999999996,4.1,4.133333333333334,4.3,41.0,BILLINGS,MT,59102,Yellowstone,Improved Property,improved_property,improved_unknown,missing,331200.0,330882.99169521144,317.0083047885564,0.09571506787094095
0.42583264462061843,0.421,18549.26999967414,45.82921747995251,-108.47841799924095,2026,418.01,4.408532320911185,-1.4220356570134984,6.71,6.6725,6.582307692307693,0.20999999999999996,4.1,4.133333333333334,4.3,41.0,BILLINGS,MT,59105,Yellowstone,Improved Property,improved_property,improved_unknown,missing,381200.0,381567.6681563057,367.66815630567726,0.09645019840127945
0.9970353044159597,1.0,43430.8578603592,45.74091958671363,-108.68432663848643,2026,418.01,4.408532320911185,-1.4220356570134984,6.71,6.6725,6.582307692307693,0.20999999999999996,4.1,4.133333333333334,4.3,41.0,BILLINGS,MT,59106,Yellowstone,Improved Property,improved_property,improved_unknown,missing,566800.0,567347.3787644962,547.3787644961849,0.09657352937476797
0.18007705973786226,0.193,7844.15672218128,45.679549208969426,-108.77559587847057,2026,418.01,4.408532320911185,-1.4220356570134984,6.71,6.6725,6.582307692307693,0.20999999999999996,4.1,4.133333333333334,4.3,41.0,LAUREL,MT,59044,Yellowstone,Improved Property,improved_property,improved_unknown,missing,286000.0,285707.968381029,292.03161897102837,0.10210895768217776
0.2688609365350613,0.261,11711.58239546727,45.83051918200089,-108.47473237365006,2026,418.01,4.408532320911185,-1.4220356570134984,6.71,6.6725,6.582307692307693,0.20999999999999996,4.1,4.133333333333334,4.3,41.0,BILLINGS,MT,59105,Yellowstone,Improved Property,improved_property,improved_unknown,missing,337600.0,337948.3154704279,348.315470427915,0.10317401375234449
0.1506867813209877,0.165,6563.916194342224,45.76276798281448,-108.56813954420451,2026,418.01,4.408532320911185,-1.4220356570134984,6.71,6.6725,6.582307692307693,0.20999999999999996,4.1,4.133333333333334,4.3,41.0,BILLINGS,MT,59102,Yellowstone,Improved Property,improved_property,improved_unknown,missing,322700.0,322366.0859980732,333.91400192677975,0.10347505482701572
0.16085541128794253,0.161,7006.861715702777,45.6746695954563,-108.75717879152636,2026,418.01,4.408532320911185,-1.4220356570134984,6.71,6.6725,6.582307692307693,0.20999999999999996,4.1,4.133333333333334,4.3,41.0,LAUREL,MT,59044,Yellowstone,Improved Property,improved_property,improved_unknown,missing,255500.0,255234.08424518025,265.9157548197545,0.10407661636780997
0.15949231034714298,0.161,6947.485038721548,45.772822061684884,-108.53506937580879,2026,418.01,4.408532320911185,-1.4220356570134984,6.71,6.6725,6.582307692307693,0.20999999999999996,4.1,4.133333333333334,4.3,41.0,BILLINGS,MT,59101,Yellowstone,Improved Property,improved_property,improved_unknown,missing,266100.0,265809.411037426,290.58896257402375,0.1092029171642329
0.1839750067532729,0.184,8013.951294172568,45.681075407144554,-108.78384258201312,2026,418.01,4.408532320911185,-1.4220356570134984,6.71,6.6725,6.582307692307693,0.20999999999999996,4.1,4.133333333333334,4.3,41.0,LAUREL,MT,59044,Yellowstone,Improved Property,improved_property,improved_unknown,missing,318500.0,318151.55235335685,348.44764664315153,0.10940271480161744
0.23208543285161512,0.238,10109.641455016355,45.80941283890763,-108.39624022532433,2026,418.01,4.408532320911185,-1.4220356570134984,6.71,6.6725,6.582307692307693,0.20999999999999996,4.1,4.133333333333334,4.3,41.0,BILLINGS,MT,59101,Yellowstone,Improved Property,improved_property,improved_unknown,missing,313000.0,312656.8283401709,343.171659829095,0.10963950793261822
0.03121579344148222,0.0,1359.7599623109656,45.761382646335996,-108.5826301612565,2026,418.01,4.408532320911185,-1.4220356570134984,6.71,6.6725,6.582307692307693,0.20999999999999996,4.1,4.133333333333334,4.3,41.0,BILLINGS,MT,59102,Yellowstone,Improved Property,improved_property,improved_unknown,missing,59100.0,59164.86385684006,64.86385684005654,0.10975271884950345
0.18376979647445807,0.184,8005.012334427393,45.76424339820797,-108.60025673846954,2026,418.01,4.408532320911185,-1.4220356570134984,6.71,6.6725,6.582307692307693,0.20999999999999996,4.1,4.133333333333334,4.3,41.0,BILLINGS,MT,59102,Yellowstone,Improved Property,improved_property,improved_unknown,missing,393000.0,392567.40547355654,432.59452644345583,0.11007494311538317
0.24753655775009317,0.241,10782.692455594059,45.812432968442366,-108.48400662969227,2026,418.01,4.408532320911185,-1.4220356570134984,6.71,6.6725,6.582307692307693,0.20999999999999996,4.1,4.133333333333334,4.3,41.0,BILLINGS,MT,59105,Yellowstone,Improved Property,improved_property,improved_unknown,missing,374200.0,374613.34003697196,413.3400369719602,0.11045965712772855
0.1884912705437332,0.193,8210.67974488502,45.77919343613098,-108.55521028699357,2026,418.01,4.408532320911185,-1.4220356570134984,6.71,6.6725,6.582307692307693,0.20999999999999996,4.1,4.133333333333334,4.3,41.0,BILLINGS,MT,59102,Yellowstone,Improved Property,improved_property,improved_unknown,missing,316800.0,317160.19570286525,360.19570286525413,0.1136981385306989
0.011371828073174356,0.0,495.35683086747497,45.761892425418544,-108.59862694586334,2026,418.01,4.408532320911185,-1.4220356570134984,6.71,6.6725,6.582307692307693,0.20999999999999996,4.1,4.133333333333334,4.3,41.0,BILLINGS,MT,59106,Yellowstone,Condominium,condominium,residential,True,205300.0,205064.880915218,235.1190847819962,0.11452463944568737
0.102492228444312,0.11,4464.561471034231,45.793736341757324,-108.55691941409182,2026,418.01,4.408532320911185,-1.4220356570134984,6.71,6.6725,6.582307692307693,0.20999999999999996,4.1,4.133333333333334,4.3,41.0,BILLINGS,MT,59102,Yellowstone,Townhouse,townhouse,residential,True,439400.0,438819.9345477611,580.0654522388941,0.13201307515678062
0.3856824069286658,0.386,16800.32564581268,45.8426175479544,-108.48951117237759,2026,418.01,4.408532320911185,-1.4220356570134984,6.71,6.6725,6.582307692307693,0.20999999999999996,4.1,4.133333333333334,4.3,41.0,BILLINGS,MT,59105,Yellowstone,Improved Property,improved_property,improved_unknown,missing,446300.0,446908.8933759734,608.8933759733918,0.1364314084636773
0.16069587795531584,0.161,6999.912443733558,45.785760580206905,-108.52136804371155,2026,418.01,4.408532320911185,-1.4220356570134984,6.71,6.6725,6.582307692307693,0.20999999999999996,4.1,4.133333333333334,4.3,41.0,BILLINGS,MT,59101,Yellowstone,Improved Property,improved_property,improved_unknown,missing,298700.0,299117.24570319976,417.2457031997619,0.13968721231997386
0.20259649664163856,0.202,8825.103393709776,45.77731199189201,-108.58510853884599,2026,418.01,4.408532320911185,-1.4220356570134984,6.71,6.6725,6.582307692307693,0.20999999999999996,4.1,4.133333333333334,4.3,41.0,BILLINGS,MT,59102,Yellowstone,Improved Property,improved_property,improved_unknown,missing,338600.0,339088.2368599708,488.2368599707843,0.1441928115684537
0.2070908770830313,0.207,9020.878605736843,45.79114826699958,-108.56665560549979,2026,418.01,4.408532320911185,-1.4220356570134984,6.71,6.6725,6.582307692307693,0.20999999999999996,4.1,4.133333333333334,4.3,41.0,BILLINGS,MT,59102,Yellowstone,Improved Property,improved_property,improved_unknown,missing,350200.0,349691.1957517747,508.8042482252931,0.1452896197102493
0.18964316056797573,0.189,8260.856074341023,45.79564588219012,-108.59467642830309,2026,418.01,4.408532320911185,-1.4220356570134984,6.71,6.6725,6.582307692307693,0.20999999999999996,4.1,4.133333333333334,4.3,41.0,BILLINGS,MT,59102,Yellowstone,Improved Property,improved_property,improved_unknown,missing,352000.0,352515.27969052515,515.2796905251453,0.1463862757173708
0.2653312009943687,0.265,11557.8271153147,45.82492711555758,-108.47445360091966,2026,418.01,4.408532320911185,-1.4220356570134984,6.71,6.6725,6.582307692307693,0.20999999999999996,4.1,4.133333333333334,4.3,41.0,BILLINGS,MT,59105,Yellowstone,Improved Property,improved_property,improved_unknown,missing,331800.0,331309.6846617073,490.315338292683,0.14777436356018173
0.172218294305675,0.172,7501.828899955203,45.772580064757705,-108.58962136835815,2026,418.01,4.408532320911185,-1.4220356570134984,6.71,6.6725,6.582307692307693,0.20999999999999996,4.1,4.133333333333334,4.3,41.0,BILLINGS,MT,59102,Yellowstone,Improved Property,improved_property,improved_unknown,missing,337500.0,338003.5849984332,503.58499843318714,0.14921036990612951
0.2295754305904059,0.23,10000.30575651808,45.83808397919436,-108.46182736761506,2026,418.01,4.408532320911185,-1.4220356570134984,6.71,6.6725,6.582307692307693,0.20999999999999996,4.1,4.133333333333334,4.3,41.0,BILLINGS,MT,59105,Yellowstone,Improved Property,improved_property,improved_unknown,missing,337600.0,338112.4336063358,512.4336063357769,0.15178720566818035
0.03089175979719528,0.033,1345.6450567658264,45.74357378299568,-108.55219214935163,2026,418.01,4.408532320911185,-1.4220356570134984,6.71,6.6725,6.582307692307693,0.20999999999999996,4.1,4.133333333333334,4.3,41.0,BILLINGS,MT,59101,Yellowstone,Townhouse,townhouse,residential,True,264900.0,264485.2539493469,414.74605065310607,0.1565670255391114
0.20799080536535236,0.202,9060.079481714749,45.766070726606046,-108.56629633176249,2026,418.01,4.408532320911185,-1.4220356570134984,6.71,6.6725,6.582307692307693,0.20999999999999996,4.1,4.133333333333334,4.3,41.0,BILLINGS,MT,59102,Yellowstone,Improved Property,improved_property,improved_unknown,missing,343800.0,343260.4380090414,539.5619909585803,0.1569406605464166
0.1836388802653374,0.184,7999.309624358097,45.76267104359514,-108.60819269388341,2026,418.01,4.408532320911185,-1.4220356570134984,6.71,6.6725,6.582307692307693,0.20999999999999996,4.1,4.133333333333334,4.3,41.0,BILLINGS,MT,59102,Yellowstone,Improved Property,improved_property,improved_unknown,missing,374800.0,375408.7421788822,608.7421788821812,0.16241787056621695
0.23197733671551202,0.231,10104.932787327703,45.80778102628855,-108.39371392401539,2026,418.01,4.408532320911185,-1.4220356570134984,6.71,6.6725,6.582307692307693,0.20999999999999996,4.1,4.133333333333334,4.3,41.0,BILLINGS,MT,59101,Yellowstone,Improved Property,improved_property,improved_unknown,missing,298500.0,298986.9176280434,486.9176280433894,0.16312148343162125
0.2779417546081195,0.278,12107.142830729685,45.809383096718264,-108.50806572482672,2026,418.01,4.408532320911185,-1.4220356570134984,6.71,6.6725,6.582307692307693,0.20999999999999996,4.1,4.133333333333334,4.3,41.0,BILLINGS,MT,59105,Yellowstone,Improved Property,improved_property,improved_unknown,missing,402100.0,402757.6860546258,657.6860546257813,0.16356280890966954
1.011256078632267,1.011,44050.314785221555,45.860388589393004,-108.45021303041946,2026,418.01,4.408532320911185,-1.4220356570134984,6.71,6.6725,6.582307692307693,0.20999999999999996,4.1,4.133333333333334,4.3,41.0,BILLINGS,MT,59105,Yellowstone,Improved Property,improved_property,improved_unknown,missing,404600.0,405285.3603534949,685.3603534948779,0.1693920794599303
0.1635393300227332,0.161,7123.773215790257,45.77478318004282,-108.54278162519442,2026,418.01,4.408532320911185,-1.4220356570134984,6.71,6.6725,6.582307692307693,0.20999999999999996,4.1,4.133333333333334,4.3,41.0,BILLINGS,MT,59102,Yellowstone,Improved Property,improved_property,improved_unknown,missing,278400.0,278875.39538384625,475.39538384624757,0.17075983615166937
0.20326902521774942,0.233,8854.398738485164,45.829828102217384,-108.4866179520611,2026,418.01,4.408532320911185,-1.4220356570134984,6.71,6.6725,6.582307692307693,0.20999999999999996,4.1,4.133333333333334,4.3,41.0,BILLINGS,MT,59105,Yellowstone,Improved Property,improved_property,improved_unknown,missing,367400.0,366764.4344456736,635.5655543264002,0.17299008011061517
0.23269557883131795,0.232,10136.21941389221,45.82360016231747,-108.4624806019186,2026,418.01,4.408532320911185,-1.4220356570134984,6.71,6.6725,6.582307692307693,0.20999999999999996,4.1,4.133333333333334,4.3,41.0,BILLINGS,MT,59105,Yellowstone,Improved Property,improved_property,improved_unknown,missing,337500.0,336912.92389483063,587.0761051693698,0.17394847560573923
0.022846411541036036,0.0,995.1896867275298,45.758545010400404,-108.61528964773102,2026,418.01,4.408532320911185,-1.4220356570134984,6.71,6.6725,6.582307692307693,0.20999999999999996,4.1,4.133333333333334,4.3,41.0,BILLINGS,MT,59102,Yellowstone,Condominium,condominium,residential,True,258500.0,258048.81203371196,451.1879662880383,0.17454079933773242
0.03478691738837322,0.035,1515.3181214375377,45.798904033976285,-108.6807829929105,2026,418.01,4.408532320911185,-1.4220356570134984,6.71,6.6725,6.582307692307693,0.20999999999999996,4.1,4.133333333333334,4.3,41.0,BILLINGS,MT,59106,Yellowstone,Townhouse,townhouse,residential,True,308200.0,307661.2764551245,538.7235448755091,0.17479673746771873
0.03476642389748734,0.0,1514.4254249745484,45.78815010499187,-108.61244796247261,2026,418.01,4.408532320911185,-1.4220356570134984,6.71,6.6725,6.582307692307693,0.20999999999999996,4.1,4.133333333333334,4.3,41.0,BILLINGS,MT,59102,Yellowstone,Condominium,condominium,residential,True,321000.0,321570.97643064,570.9764306399738,0.17787427745793577
0.15142104615644086,0.152,6595.900770574564,45.775898351864356,-108.58571540986304,2026,418.01,4.408532320911185,-1.4220356570134984,6.71,6.6725,6.582307692307693,0.20999999999999996,4.1,4.133333333333334,4.3,41.0,BILLINGS,MT,59102,Yellowstone,Improved Property,improved_property,improved_unknown,missing,326100.0,326680.58551006636,580.5855100663612,0.17803910152295652
0.22037382456228696,0.22,9599.48379793322,45.820494955912594,-108.50960467124938,2026,418.01,4.408532320911185,-1.4220356570134984,6.71,6.6725,6.582307692307693,0.20999999999999996,4.1,4.133333333333334,4.3,41.0,BILLINGS,MT,59105,Yellowstone,Improved Property,improved_property,improved_unknown,missing,380200.0,379518.68166574324,681.3183342567645,0.17919998270824947
0.2832459929156861,0.247,12338.195451407286,45.800099627889516,-108.62447517886629,2026,418.01,4.408532320911185,-1.4220356570134984,6.71,6.6725,6.582307692307693,0.20999999999999996,4.1,4.133333333333334,4.3,41.0,BILLINGS,MT,59102,Yellowstone,Improved Property,improved_property,improved_unknown,missing,452300.0,453113.97492753237,813.9749275323702,0.17996350376572412
0.16181462580908587,0.162,7048.645100243781,45.79910626708207,-108.69689068226157,2026,418.01,4.408532320911185,-1.4220356570134984,6.71,6.6725,6.582307692307693,0.20999999999999996,4.1,4.133333333333334,4.3,41.0,BILLINGS,MT,59106,Yellowstone,Improved Property,improved_property,improved_unknown,missing,439700.0,438904.6801148236,795.3198851763736,0.18087784516178615
647.5643404921027,640.0,28207902.671835992,46.06663669728675,-108.60285524416537,2026,418.01,4.408532320911185,-1.4220356570134984,6.71,6.6725,6.582307692307693,0.20999999999999996,4.1,4.133333333333334,4.3,41.0,missing,missing,missing,Yellowstone,Vacant Land,vacant_land,land,False,29971.0,30025.239331360986,54.2393313609864,0.1809727114910627
0.015578170526536145,0.0,678.5851081359144,45.758713967543734,-108.60277716088035,2026,418.01,4.408532320911185,-1.4220356570134984,6.71,6.6725,6.582307692307693,0.20999999999999996,4.1,4.133333333333334,4.3,41.0,BILLINGS,MT,59102,Yellowstone,Condominium,condominium,residential,True,219100.0,218701.53506454115,398.4649354588473,0.18186441600129957
0.28925472374137345,0.289,12599.935766174227,45.67429557780926,-108.77560532433749,2026,418.01,4.408532320911185,-1.4220356570134984,6.71,6.6725,6.582307692307693,0.20999999999999996,4.1,4.133333333333334,4.3,41.0,LAUREL,MT,59044,Yellowstone,Improved Property,improved_property,improved_unknown,missing,301600.0,302152.34776166594,552.3477616659366,0.18313917827119913
0.22290409709941159,0.222,9709.702469650369,45.78862486784453,-108.62362464677997,2026,418.01,4.408532320911185,-1.4220356570134984,6.71,6.6725,6.582307692307693,0.20999999999999996,4.1,4.133333333333334,4.3,41.0,BILLINGS,MT,59106,Yellowstone,Improved Property,improved_property,improved_unknown,missing,523700.0,522740.7643336725,959.2356663275277,0.18316510718493942
0.49080155358278305,0.51,21379.31567406603,45.8028859790621,-108.65695396933107,2026,418.01,4.408532320911185,-1.4220356570134984,6.71,6.6725,6.582307692307693,0.20999999999999996,4.1,4.133333333333334,4.3,41.0,BILLINGS,MT,59106,Yellowstone,Improved Property,improved_property,improved_unknown,missing,573100.0,572045.3892300298,1054.610769970226,0.1840186302513045
1.5543703307247982,1.554,67708.37160637221,45.72741450561748,-108.60369657877375,2026,418.01,4.408532320911185,-1.4220356570134984,6.71,6.6725,6.582307692307693,0.20999999999999996,4.1,4.133333333333334,4.3,41.0,BILLINGS,MT,59101,Yellowstone,Improved Property,improved_property,improved_unknown,missing,816000.0,817545.9989946189,1545.998994618887,0.18946066110525578
0.16451347545523945,0.16,7166.20699083023,45.67271165429562,-108.76293023665116,2026,418.01,4.408532320911185,-1.4220356570134984,6.71,6.6725,6.582307692307693,0.20999999999999996,4.1,4.133333333333334,4.3,41.0,LAUREL,MT,59044,Yellowstone,Improved Property,improved_property,improved_unknown,missing,258800.0,258308.73380244896,491.26619755104184,0.18982465129483841
0.011120650344766577,0.02,484.4155290180321,45.80652122301272,-108.5061570193917,2026,418.01,4.408532320911185,-1.4220356570134984,6.71,6.6725,6.582307692307693,0.20999999999999996,4.1,4.133333333333334,4.3,41.0,BILLINGS,MT,59105,Yellowstone,Townhouse,townhouse,residential,True,249500.0,249975.37241116428,475.3724111642805,0.19053002451474169
0.14046058032975176,0.14,6118.462879163986,45.76259658919969,-108.61200535594216,2026,418.01,4.408532320911185,-1.4220356570134984,6.71,6.6725,6.582307692307693,0.20999999999999996,4.1,4.133333333333334,4.3,41.0,BILLINGS,MT,59102,Yellowstone,Townhouse,townhouse,residential,True,365200.0,364500.29189335625,699.7081066437531,0.1915958670985085
0.17216908383813836,0.172,7499.685291989307,45.79017459757685,-108.55084849057376,2026,418.01,4.408532320911185,-1.4220356570134984,6.71,6.6725,6.582307692307693,0.20999999999999996,4.1,4.133333333333334,4.3,41.0,BILLINGS,MT,59102,Yellowstone,Improved Property,improved_property,improved_unknown,missing,329700.0,330336.61485408293,636.6148540829308,0.1930891277169945
0.454903144729262,0.464,19815.580984406653,45.85143395683461,-108.46127267047157,2026,418.01,4.408532320911185,-1.4220356570134984,6.71,6.6725,6.582307692307693,0.20999999999999996,4.1,4.133333333333334,4.3,41.0,BILLINGS,MT,59105,Yellowstone,Improved Property,improved_property,improved_unknown,missing,385900.0,385151.07630010915,748.9236998908455,0.19407196161980966
1.2203161451937352,1.111,53156.971284639105,45.82795768828847,-108.46353548366297,2026,418.01,4.408532320911185,-1.4220356570134984,6.71,6.6725,6.582307692307693,0.20999999999999996,4.1,4.133333333333334,4.3,41.0,BILLINGS,MT,59105,Yellowstone,Improved Property,improved_property,improved_unknown,missing,379300.0,378560.2465578354,739.7534421646269,0.19503122651321564
0.47235643813522793,0.471,20575.84644517053,45.82635216005754,-108.4767483764851,2026,418.01,4.408532320911185,-1.4220356570134984,6.71,6.6725,6.582307692307693,0.20999999999999996,4.1,4.133333333333334,4.3,41.0,BILLINGS,MT,59105,Yellowstone,Apartment,multifamily,commercial_or_income,False,688700.0,690047.280641711,1347.2806417109678,0.19562663593886565
0.29399593100647115,0.294,12806.462754641883,45.815550224665806,-108.50853043350126,2026,418.01,4.408532320911185,-1.4220356570134984,6.71,6.6725,6.582307692307693,0.20999999999999996,4.1,4.133333333333334,4.3,41.0,BILLINGS,MT,59105,Yellowstone,Improved Property,improved_property,improved_unknown,missing,404000.0,404795.3544238433,795.3544238433242,0.19686990689191192
1.4089178501994466,1.411,61372.46155468789,45.67801977912975,-108.8009654649373,2026,418.01,4.408532320911185,-1.4220356570134984,6.71,6.6725,6.582307692307693,0.20999999999999996,4.1,4.133333333333334,4.3,41.0,LAUREL,MT,59044,Yellowstone,Improved Property,improved_property,improved_unknown,missing,495500.0,494514.0572300345,985.9427699655062,0.19897936830787208
0.023713263059767113,0.0,1032.9497388834554,45.755383471902604,-108.61199359268309,2026,418.01,4.408532320911185,-1.4220356570134984,6.71,6.6725,6.582307692307693,0.20999999999999996,4.1,4.133333333333334,4.3,41.0,BILLINGS,MT,59102,Yellowstone,Condominium,condominium,residential,True,266400.0,265869.7767534754,530.2232465245761,0.19903275019691297
0.16070110688813524,0.161,7000.140216047171,45.797207078838014,-108.54542791625899,2026,418.01,4.408532320911185,-1.4220356570134984,6.71,6.6725,6.582307692307693,0.20999999999999996,4.1,4.133333333333334,4.3,41.0,BILLINGS,MT,59102,Yellowstone,Improved Property,improved_property,improved_unknown,missing,314100.0,313468.0657431256,631.9342568743741,0.2011888751589857
4.9738363394147,4.97,216660.31094490434,45.79370681916488,-108.8533502534907,2026,418.01,4.408532320911185,-1.4220356570134984,6.71,6.6725,6.582307692307693,0.20999999999999996,4.1,4.133333333333334,4.3,41.0,MOLT,MT,59057,Yellowstone,Improved Property,improved_property,improved_unknown,missing,413100.0,412263.30424841784,836.6957515821559,0.20254072902012973
0.15490348220188419,0.161,6747.595684714075,45.782744912763995,-108.53565700028562,2026,418.01,4.408532320911185,-1.4220356570134984,6.71,6.6725,6.582307692307693,0.20999999999999996,4.1,4.133333333333334,4.3,41.0,BILLINGS,MT,59101,Yellowstone,Improved Property,improved_property,improved_unknown,missing,312119.0,311485.90293400816,633.0970659918385,0.20283836164790942
0.18404228091140715,0.193,8016.881756500895,45.66277474023735,-108.77419096543578,2026,418.01,4.408532320911185,-1.4220356570134984,6.71,6.6725,6.582307692307693,0.20999999999999996,4.1,4.133333333333334,4.3,41.0,LAUREL,MT,59044,Yellowstone,Improved Property,improved_property,improved_unknown,missing,287500.0,286915.4247610485,584.5752389514819,0.20333051789616763
0.1724840795812295,0.172,7513.406506558356,45.770877259181226,-108.59011931660271,2026,418.01,4.408532320911185,-1.4220356570134984,6.71,6.6725,6.582307692307693,0.20999999999999996,4.1,4.133333333333334,4.3,41.0,BILLINGS,MT,59102,Yellowstone,Improved Property,improved_property,improved_unknown,missing,340800.0,340104.94890987006,695.0510901299422,0.20394691611794077
0.16276385321142953,0.163,7089.993445889871,45.840838037977754,-108.50877503044119,2026,418.01,4.408532320911185,-1.4220356570134984,6.71,6.6725,6.582307692307693,0.20999999999999996,4.1,4.133333333333334,4.3,41.0,BILLINGS,MT,59105,Yellowstone,Improved Property,improved_property,improved_unknown,missing,345700.0,344992.60515183676,707.3948481632397,0.2046268001629273
0.180635991495349,0.181,7868.503789537403,45.83989677030573,-108.45423842722352,2026,418.01,4.408532320911185,-1.4220356570134984,6.71,6.6725,6.582307692307693,0.20999999999999996,4.1,4.133333333333334,4.3,41.0,BILLINGS,MT,59105,Yellowstone,Improved Property,improved_property,improved_unknown,missing,349400.0,350120.37340244884,720.3734024488367,0.20617441398077754
0.15936488877736837,0.161,6941.934555142167,45.77483397948957,-108.53410295787259,2026,418.01,4.408532320911185,-1.4220356570134984,6.71,6.6725,6.582307692307693,0.20999999999999996,4.1,4.133333333333334,4.3,41.0,BILLINGS,MT,59102,Yellowstone,Improved Property,improved_property,improved_unknown,missing,277400.0,276825.9140483596,574.0859516403871,0.20695239785161754
0.2204089606546409,0.22,9601.014326116157,45.82326601543152,-108.50237385515241,2026,418.01,4.408532320911185,-1.4220356570134984,6.71,6.6725,6.582307692307693,0.20999999999999996,4.1,4.133333333333334,4.3,41.0,BILLINGS,MT,59105,Yellowstone,Improved Property,improved_property,improved_unknown,missing,356500.0,357239.5713712382,739.571371238213,0.20745340006681992
0.1710416546914016,0.174,7450.574478357454,45.77511554942505,-108.56375576010667,2026,418.01,4.408532320911185,-1.4220356570134984,6.71,6.6725,6.582307692307693,0.20999999999999996,4.1,4.133333333333334,4.3,41.0,BILLINGS,MT,59102,Yellowstone,Improved Property,improved_property,improved_unknown,missing,317300.0,316640.64638570213,659.3536142978701,0.20780132817455724
2.2260580700178663,2.23,96967.08952997826,45.717572374935436,-108.64421559442223,2026,418.01,4.408532320911185,-1.4220356570134984,6.71,6.6725,6.582307692307693,0.20999999999999996,4.1,4.133333333333334,4.3,41.0,BILLINGS,MT,59106,Yellowstone,Improved Property,improved_property,improved_unknown,missing,555600.0,556755.5637653561,1155.5637653560843,0.20798483897697703
0.2622005379404431,0.26,11421.455432685703,45.78975153389472,-108.59231202389904,2026,418.01,4.408532320911185,-1.4220356570134984,6.71,6.6725,6.582307692307693,0.20999999999999996,4.1,4.133333333333334,4.3,41.0,BILLINGS,MT,59102,Yellowstone,Improved Property,improved_property,improved_unknown,missing,427600.0,426701.0936969881,898.9063030119287,0.21022130566228453
0.16876629629655088,0.169,7351.4598666777565,45.77390359194287,-108.58356328462946,2026,418.01,4.408532320911185,-1.4220356570134984,6.71,6.6725,6.582307692307693,0.20999999999999996,4.1,4.133333333333334,4.3,41.0,BILLINGS,MT,59102,Yellowstone,Improved Property,improved_property,improved_unknown,missing,332200.0,331473.54678011895,726.4532198810484,0.21867947618333786
0.24336715683616458,0.243,10601.073351783329,45.7888553991024,-108.59194816465694,2026,418.01,4.408532320911185,-1.4220356570134984,6.71,6.6725,6.582307692307693,0.20999999999999996,4.1,4.133333333333334,4.3,41.0,BILLINGS,MT,59102,Yellowstone,Improved Property,improved_property,improved_unknown,missing,414400.0,415308.3484067554,908.3484067554236,0.2191960441012123
483.7282274181472,489.17,21071201.586334493,45.72030878853357,-108.79084249394022,2026,418.01,4.408532320911185,-1.4220356570134984,6.71,6.6725,6.582307692307693,0.20999999999999996,4.1,4.133333333333334,4.3,41.0,LAUREL,MT,59044,Yellowstone,Vacant Land,vacant_land,land,False,29883.0,29817.144801062837,65.85519893716264,0.22037679930784274
0.3959194569743925,0.396,17246.25154580454,45.71256714531946,-108.51086665225333,2026,418.01,4.408532320911185,-1.4220356570134984,6.71,6.6725,6.582307692307693,0.20999999999999996,4.1,4.133333333333334,4.3,41.0,BILLINGS,MT,59101,Yellowstone,Improved Property,improved_property,improved_unknown,missing,404700.0,403799.91310748504,900.0868925149553,0.22240842414503464
0.1192400441930355,0.119,5194.096325048626,45.757535241906936,-108.5189048499618,2026,418.01,4.408532320911185,-1.4220356570134984,6.71,6.6725,6.582307692307693,0.20999999999999996,4.1,4.133333333333334,4.3,41.0,BILLINGS,MT,59101,Yellowstone,Improved Property,improved_property,improved_unknown,missing,265700.0,265106.61417071737,593.3858292826335,0.22332925452865393
0.16069894890537587,0.161,7000.046214318173,45.785692090849096,-108.53135431793271,2026,418.01,4.408532320911185,-1.4220356570134984,6.71,6.6725,6.582307692307693,0.20999999999999996,4.1,4.133333333333334,4.3,41.0,BILLINGS,MT,59102,Yellowstone,Improved Property,improved_property,improved_unknown,missing,302400.0,301717.6477576658,682.352242334222,0.22564558278248079
0.14319830577809595,0.143,6237.71819969386,45.77151255476069,-108.54388630462199,2026,418.01,4.408532320911185,-1.4220356570134984,6.71,6.6725,6.582307692307693,0.20999999999999996,4.1,4.133333333333334,4.3,41.0,BILLINGS,MT,59102,Yellowstone,Improved Property,improved_property,improved_unknown,missing,295700.0,296370.9626164377,670.9626164376969,0.22690653244426678
0.29637651698277745,0.292,12910.161079769785,45.838274660029874,-108.50170644906329,2026,418.01,4.408532320911185,-1.4220356570134984,6.71,6.6725,6.582307692307693,0.20999999999999996,4.1,4.133333333333334,4.3,41.0,BILLINGS,MT,59105,Yellowstone,Improved Property,improved_property,improved_unknown,missing,430600.0,431587.8934843787,987.8934843786992,0.22942254630253117
0.030562431799834082,0.033,1331.2995292007727,45.7431096974646,-108.55173401708907,2026,418.01,4.408532320911185,-1.4220356570134984,6.71,6.6725,6.582307692307693,0.20999999999999996,4.1,4.133333333333334,4.3,41.0,BILLINGS,MT,59101,Yellowstone,Townhouse,townhouse,residential,True,265400.0,264788.5338452806,611.4661547194119,0.23039418037656814
1.0160480128237923,1.0,44259.051438604394,45.73075667782399,-108.62984096021509,2026,418.01,4.408532320911185,-1.4220356570134984,6.71,6.6725,6.582307692307693,0.20999999999999996,4.1,4.133333333333334,4.3,41.0,BILLINGS,MT,59106,Yellowstone,Improved Property,improved_property,improved_unknown,missing,535300.0,534062.9994586046,1237.0005413953913,0.23108547382689917
0.15381306996448885,0.154,6700.097327653134,45.796383556582235,-108.6503385444082,2026,418.01,4.408532320911185,-1.4220356570134984,6.71,6.6725,6.582307692307693,0.20999999999999996,4.1,4.133333333333334,4.3,41.0,BILLINGS,MT,59106,Yellowstone,Improved Property,improved_property,improved_unknown,missing,443200.0,444261.0463611344,1061.0463611343876,0.23940576740396832
0.24221633417018212,0.248,10550.943516453133,45.78376846137886,-108.71746257204238,2026,418.01,4.408532320911185,-1.4220356570134984,6.71,6.6725,6.582307692307693,0.20999999999999996,4.1,4.133333333333334,4.3,41.0,BILLINGS,MT,59106,Yellowstone,Vacant Land,vacant_land,land,False,26765.0,26700.30619309999,64.6938069000098,0.24171046852236056
0.16335289202151168,0.161,7115.6519764570485,45.77168761293075,-108.51126281860395,2026,418.01,4.408532320911185,-1.4220356570134984,6.71,6.6725,6.582307692307693,0.20999999999999996,4.1,4.133333333333334,4.3,41.0,BILLINGS,MT,59101,Yellowstone,Improved Property,improved_property,improved_unknown,missing,254600.0,255225.37225921414,625.3722592141421,0.24562932412181543
0.03481912077553176,0.0,1516.7209009821634,45.75833530627021,-108.61364127361298,2026,418.01,4.408532320911185,-1.4220356570134984,6.71,6.6725,6.582307692307693,0.20999999999999996,4.1,4.133333333333334,4.3,41.0,BILLINGS,MT,59102,Yellowstone,Condominium,condominium,residential,True,312900.0,313670.40597050637,770.4059705063701,0.2462147556747747
0.2109254564623968,0.21,9187.912883502004,45.8376502343125,-108.51448773738475,2026,418.01,4.408532320911185,-1.4220356570134984,6.71,6.6725,6.582307692307693,0.20999999999999996,4.1,4.133333333333334,4.3,41.0,BILLINGS,MT,59105,Yellowstone,Improved Property,improved_property,improved_unknown,missing,370400.0,371318.2844942558,918.2844942557858,0.24791698009065494
0.14267492765381748,0.143,6214.91984860029,45.78038778981923,-108.66044933878729,2026,418.01,4.408532320911185,-1.4220356570134984,6.71,6.6725,6.582307692307693,0.20999999999999996,4.1,4.133333333333334,4.3,41.0,BILLINGS,MT,59106,Yellowstone,Improved Property,improved_property,improved_unknown,missing,431300.0,430226.71826917387,1073.2817308261292,0.24884807113983984
5.162586702399123,5.193,224882.2767565058,45.67718516838755,-108.52709819317369,2026,418.01,4.408532320911185,-1.4220356570134984,6.71,6.6725,6.582307692307693,0.20999999999999996,4.1,4.133333333333334,4.3,41.0,BILLINGS,MT,59101,Yellowstone,Improved Property,improved_property,improved_unknown,missing,481700.0,480495.8373140696,1204.1626859303797,0.2499818737659082
0.15062377613621747,0.151,6561.171688493633,45.75638628416312,-108.52554014625994,2026,418.01,4.408532320911185,-1.4220356570134984,6.71,6.6725,6.582307692307693,0.20999999999999996,4.1,4.133333333333334,4.3,41.0,BILLINGS,MT,59101,Yellowstone,Improved Property,improved_property,improved_unknown,missing,264600.0,263937.2605703177,662.7394296823186,0.2504684163576412
0.2246608902021884,0.238,9786.228377207328,45.84284010850351,-108.50059818493824,2026,418.01,4.408532320911185,-1.4220356570134984,6.71,6.6725,6.582307692307693,0.20999999999999996,4.1,4.133333333333334,4.3,41.0,BILLINGS,MT,59105,Yellowstone,Improved Property,improved_property,improved_unknown,missing,408600.0,409628.3516491644,1028.3516491643968,0.25167685980528554
0.19108689028348763,0.193,8323.744940748722,45.679548930544776,-108.77708305170076,2026,418.01,4.408532320911185,-1.4220356570134984,6.71,6.6725,6.582307692307693,0.20999999999999996,4.1,4.133333333333334,4.3,41.0,LAUREL,MT,59044,Yellowstone,Improved Property,improved_property,improved_unknown,missing,295400.0,294655.00194126007,744.9980587399332,0.25219974906565107
0.17677006117080224,0.177,7700.103864600145,45.7866209333216,-108.54746595484086,2026,418.01,4.408532320911185,-1.4220356570134984,6.71,6.6725,6.582307692307693,0.20999999999999996,4.1,4.133333333333334,4.3,41.0,BILLINGS,MT,59102,Yellowstone,Improved Property,improved_property,improved_unknown,missing,310800.0,311586.4977411919,786.4977411918808,0.25305590128438893
0.17303079523842735,0.179,7537.221440585895,45.67478416353944,-108.76509060203337,2026,418.01,4.408532320911185,-1.4220356570134984,6.71,6.6725,6.582307692307693,0.20999999999999996,4.1,4.133333333333334,4.3,41.0,LAUREL,MT,59044,Yellowstone,Improved Property,improved_property,improved_unknown,missing,269701.0,270384.3002756113,683.3002756112837,0.2533547430715065
0.16381274882571822,0.165,7135.6833388482855,45.76507653380492,-108.56818544440851,2026,418.01,4.408532320911185,-1.4220356570134984,6.71,6.6725,6.582307692307693,0.20999999999999996,4.1,4.133333333333334,4.3,41.0,BILLINGS,MT,59102,Yellowstone,Improved Property,improved_property,improved_unknown,missing,327200.0,326370.3417979047,829.6582020953065,0.25356302020027705
0.17893522943712484,0.161,7794.418594281158,45.76066409997245,-108.60995913021736,2026,418.01,4.408532320911185,-1.4220356570134984,6.71,6.6725,6.582307692307693,0.20999999999999996,4.1,4.133333333333334,4.3,41.0,BILLINGS,MT,59102,Yellowstone,Improved Property,improved_property,improved_unknown,missing,341700.0,342574.7796079783,874.7796079783002,0.25600807959563954
0.18423367702419163,0.185,8025.218971173787,45.78916827529104,-108.54154228430711,2026,418.01,4.408532320911185,-1.4220356570134984,6.71,6.6725,6.582307692307693,0.20999999999999996,4.1,4.133333333333334,4.3,41.0,BILLINGS,MT,59102,Yellowstone,Improved Property,improved_property,improved_unknown,missing,331200.0,330342.87994756864,857.1200524313608,0.25879228636212587
0.16071565694812773,0.161,7000.7740166604435,45.77634177544504,-108.54819468751984,2026,418.01,4.408532320911185,-1.4220356570134984,6.71,6.6725,6.582307692307693,0.20999999999999996,4.1,4.133333333333334,4.3,41.0,BILLINGS,MT,59102,Yellowstone,Improved Property,improved_property,improved_unknown,missing,285900.0,286641.54612469417,741.5461246941704,0.25937255148449473
0.23531208205610743,0.239,10250.194294364039,45.79891139629702,-108.57129308213374,2026,418.01,4.408532320911185,-1.4220356570134984,6.71,6.6725,6.582307692307693,0.20999999999999996,4.1,4.133333333333334,4.3,41.0,BILLINGS,MT,59102,Yellowstone,Improved Property,improved_property,improved_unknown,missing,408000.0,406937.09976423305,1062.9002357669524,0.2605147636683707
1.0000729706825124,1.011,43563.17860293024,45.665325676310864,-108.87511754158922,2026,418.01,4.408532320911185,-1.4220356570134984,6.71,6.6725,6.582307692307693,0.20999999999999996,4.1,4.133333333333334,4.3,41.0,LAUREL,MT,59044,Yellowstone,Improved Property,improved_property,improved_unknown,missing,518100.0,519452.72755335015,1352.7275533501524,0.26109391108862234
0.33368319116405804,0.32,14535.239807106367,45.8312737000936,-108.48824751933712,2026,418.01,4.408532320911185,-1.4220356570134984,6.71,6.6725,6.582307692307693,0.20999999999999996,4.1,4.133333333333334,4.3,41.0,BILLINGS,MT,59105,Yellowstone,Improved Property,improved_property,improved_unknown,missing,434400.0,433264.9646740609,1135.0353259391268,0.26128805845744174
0.2217732177320923,0.222,9660.44136440994,45.78918634370258,-108.54405560945183,2026,418.01,4.408532320911185,-1.4220356570134984,6.71,6.6725,6.582307692307693,0.20999999999999996,4.1,4.133333333333334,4.3,41.0,BILLINGS,MT,59102,Yellowstone,Improved Property,improved_property,improved_unknown,missing,364800.0,363845.80358995416,954.1964100458426,0.26156699836782965
0.1716068544908743,0.161,7475.194581622484,45.787277772334114,-108.51678460468214,2026,418.01,4.408532320911185,-1.4220356570134984,6.71,6.6725,6.582307692307693,0.20999999999999996,4.1,4.133333333333334,4.3,41.0,BILLINGS,MT,59101,Yellowstone,Improved Property,improved_property,improved_unknown,missing,307200.0,306386.1331511766,813.8668488233816,0.2649306148513612
0.012129771321369793,0.0,528.3728387588682,45.760817125417894,-108.59901384407496,2026,418.01,4.408532320911185,-1.4220356570134984,6.71,6.6725,6.582307692307693,0.20999999999999996,4.1,4.133333333333334,4.3,41.0,BILLINGS,MT,59106,Yellowstone,Condominium,condominium,residential,True,204800.0,204253.42183002384,546.5781699761574,0.2668838720586706
0.9405732314896165,1.032,40971.36996368769,45.66892246463778,-108.84643774483153,2026,418.01,4.408532320911185,-1.4220356570134984,6.71,6.6725,6.582307692307693,0.20999999999999996,4.1,4.133333333333334,4.3,41.0,LAUREL,MT,59044,Yellowstone,Improved Property,improved_property,improved_unknown,missing,465689.0,466936.50238974486,1247.5023897448555,0.26788315587116196
1.9187004852209375,1.918,83578.59313622404,45.89947276998149,-108.46501133778432,2026,418.01,4.408532320911185,-1.4220356570134984,6.71,6.6725,6.582307692307693,0.20999999999999996,4.1,4.133333333333334,4.3,41.0,BILLINGS,MT,59105,Yellowstone,Improved Property,improved_property,improved_unknown,missing,422000.0,420864.7116692109,1135.2883307890734,0.26902567080309797
0.03427122571822005,0.0,1492.8545922856654,45.78816312231241,-108.61276573747824,2026,418.01,4.408532320911185,-1.4220356570134984,6.71,6.6725,6.582307692307693,0.20999999999999996,4.1,4.133333333333334,4.3,41.0,BILLINGS,MT,59102,Yellowstone,Condominium,condominium,residential,True,318300.0,319163.67964870867,863.6796487086685,0.2713413913630753
0.15024014090486706,0.15,6544.4605378160095,45.75672668990958,-108.52751552617794,2026,418.01,4.408532320911185,-1.4220356570134984,6.71,6.6725,6.582307692307693,0.20999999999999996,4.1,4.133333333333334,4.3,41.0,BILLINGS,MT,59101,Yellowstone,Improved Property,improved_property,improved_unknown,missing,272735.0,271988.9343864282,746.0656135717873,0.27354964106982504
0.03360747014575974,0.046,1463.9413995492941,45.74307633320332,-108.5468785585274,2026,418.01,4.408532320911185,-1.4220356570134984,6.71,6.6725,6.582307692307693,0.20999999999999996,4.1,4.133333333333334,4.3,41.0,BILLINGS,MT,59101,Yellowstone,Townhouse,townhouse,residential,True,268300.0,269036.4349223749,736.4349223749014,0.27448189428807357
0.038153915787888563,0.035,1661.9845717204257,45.79974248584792,-108.67767675276103,2026,418.01,4.408532320911185,-1.4220356570134984,6.71,6.6725,6.582307692307693,0.20999999999999996,4.1,4.133333333333334,4.3,41.0,BILLINGS,MT,59106,Yellowstone,Townhouse,townhouse,residential,True,310200.0,311051.45394733135,851.4539473313489,0.2744854762512408
0.13826253372557226,0.138,6022.715969085928,45.78243316595228,-108.66452653545845,2026,418.01,4.408532320911185,-1.4220356570134984,6.71,6.6725,6.582307692307693,0.20999999999999996,4.1,4.133333333333334,4.3,41.0,BILLINGS,MT,59106,Yellowstone,Improved Property,improved_property,improved_unknown,missing,425500.0,424327.92728078144,1172.0727192185586,0.2754577483474873
0.18324774548697206,0.172,7982.271793412503,45.75917403332032,-108.61189408189577,2026,418.01,4.408532320911185,-1.4220356570134984,6.71,6.6725,6.582307692307693,0.20999999999999996,4.1,4.133333333333334,4.3,41.0,BILLINGS,MT,59102,Yellowstone,Improved Property,improved_property,improved_unknown,missing,347700.0,346732.0486002692,967.9513997308095,0.2783869426893326
119.99617080020238,120.0,5227033.2000568155,45.534767877648086,-108.36937022234504,2026,418.01,4.408532320911185,-1.4220356570134984,6.71,6.6725,6.582307692307693,0.20999999999999996,4.1,4.133333333333334,4.3,41.0,missing,missing,missing,Yellowstone,Vacant Land,vacant_land,land,False,8290.0,8313.111367244359,23.111367244358917,0.2787860946243536
0.175327461301801,0.162,7637.264214306451,45.75615630825617,-108.60537671239618,2026,418.01,4.408532320911185,-1.4220356570134984,6.71,6.6725,6.582307692307693,0.20999999999999996,4.1,4.133333333333334,4.3,41.0,BILLINGS,MT,59102,Yellowstone,Improved Property,improved_property,improved_unknown,missing,324700.0,325606.11065966066,906.1106596606551,0.27906087454901607
0.16520435174708858,0.202,7196.301562103179,45.79696180453018,-108.51159214648663,2026,418.01,4.408532320911185,-1.4220356570134984,6.71,6.6725,6.582307692307693,0.20999999999999996,4.1,4.133333333333334,4.3,41.0,BILLINGS,MT,59101,Yellowstone,Improved Property,improved_property,improved_unknown,missing,285300.0,284495.5499727965,804.4500272034784,0.28196636074429665
0.16069893016648404,0.161,7000.045398052045,45.78921551710428,-108.53228009983296,2026,418.01,4.408532320911185,-1.4220356570134984,6.71,6.6725,6.582307692307693,0.20999999999999996,4.1,4.133333333333334,4.3,41.0,BILLINGS,MT,59102,Yellowstone,Improved Property,improved_property,improved_unknown,missing,289400.0,290220.9971853617,820.997185361688,0.2836894213412882
0.014978291567052101,0.0,652.4543806607895,45.75890259368678,-108.60265249296263,2026,418.01,4.408532320911185,-1.4220356570134984,6.71,6.6725,6.582307692307693,0.20999999999999996,4.1,4.133333333333334,4.3,41.0,BILLINGS,MT,59102,Yellowstone,Condominium,condominium,residential,True,216100.0,215482.4379800163,617.562019983714,0.2857760388633568
0.03601223304643652,0.0,1568.6928715027748,45.757598070471445,-108.61492104318806,2026,418.01,4.408532320911185,-1.4220356570134984,6.71,6.6725,6.582307692307693,0.20999999999999996,4.1,4.133333333333334,4.3,41.0,BILLINGS,MT,59102,Yellowstone,Condominium,condominium,residential,True,316000.0,316907.5059456623,907.5059456623276,0.2871854258425087
0.16196771943063323,0.161,7055.313858398384,45.792695334864455,-108.5211202632113,2026,418.01,4.408532320911185,-1.4220356570134984,6.71,6.6725,6.582307692307693,0.20999999999999996,4.1,4.133333333333334,4.3,41.0,BILLINGS,MT,59101,Yellowstone,Improved Property,improved_property,improved_unknown,missing,306700.0,305812.33340844687,887.6665915531339,0.28942503800232605
0.2752982635568125,0.275,11991.992360534752,45.793261792666314,-108.50180533423257,2026,418.01,4.408532320911185,-1.4220356570134984,6.71,6.6725,6.582307692307693,0.20999999999999996,4.1,4.133333333333334,4.3,41.0,BILLINGS,MT,59101,Yellowstone,Improved Property,improved_property,improved_unknown,missing,315800.0,316717.6400857294,917.6400857294211,0.2905763412696077
0.15736289118577057,0.167,6854.727540052166,45.77235991333381,-108.55686188691493,2026,418.01,4.408532320911185,-1.4220356570134984,6.71,6.6725,6.582307692307693,0.20999999999999996,4.1,4.133333333333334,4.3,41.0,BILLINGS,MT,59102,Yellowstone,Improved Property,improved_property,improved_unknown,missing,306000.0,305102.94137648534,897.058623514662,0.29315641291328826
0.3277776239822901,0.321,14277.993300668557,45.81274333909476,-108.49536601482805,2026,418.01,4.408532320911185,-1.4220356570134984,6.71,6.6725,6.582307692307693,0.20999999999999996,4.1,4.133333333333334,4.3,41.0,BILLINGS,MT,59105,Yellowstone,Improved Property,improved_property,improved_unknown,missing,401400.0,402578.1212275608,1178.1212275607977,0.2935030462284
0.46727755205905036,0.469,20354.610167692234,45.72065726008526,-108.69812375588839,2026,418.01,4.408532320911185,-1.4220356570134984,6.71,6.6725,6.582307692307693,0.20999999999999996,4.1,4.133333333333334,4.3,41.0,BILLINGS,MT,59106,Yellowstone,Improved Property,improved_property,improved_unknown,missing,511200.0,509680.9260820744,1519.0739179255906,0.29715843464898095
0.02931598331628199,0.0,1277.0042332572434,45.7937201519991,-108.4252369688378,2026,418.01,4.408532320911185,-1.4220356570134984,6.71,6.6725,6.582307692307693,0.20999999999999996,4.1,4.133333333333334,4.3,41.0,BILLINGS,MT,59101,Yellowstone,Improved Property,improved_property,improved_unknown,missing,59500.0,59677.83076680475,177.83076680474915,0.2988752383273095
0.20278585372164623,0.203,8833.35178811491,45.79281466077743,-108.5719101089754,2026,418.01,4.408532320911185,-1.4220356570134984,6.71,6.6725,6.582307692307693,0.20999999999999996,4.1,4.133333333333334,4.3,41.0,BILLINGS,MT,59102,Yellowstone,Improved Property,improved_property,improved_unknown,missing,353200.0,352141.1292130552,1058.8707869448117,0.2997935410376024
0.1538110128216045,0.154,6700.007718509092,45.795684174764666,-108.64744694030703,2026,418.01,4.408532320911185,-1.4220356570134984,6.71,6.6725,6.582307692307693,0.20999999999999996,4.1,4.133333333333334,4.3,41.0,BILLINGS,MT,59106,Yellowstone,Improved Property,improved_property,improved_unknown,missing,442500.0,441157.3735672167,1342.6264327833196,0.3034184028888858
0.2379871085099646,0.234,10366.718446694058,45.813163802797625,-108.49079748910673,2026,418.01,4.408532320911185,-1.4220356570134984,6.71,6.6725,6.582307692307693,0.20999999999999996,4.1,4.133333333333334,4.3,41.0,BILLINGS,MT,59105,Yellowstone,Improved Property,improved_property,improved_unknown,missing,372400.0,371269.60404335184,1130.3959566481644,0.303543489969969
0.17880982911618998,0.179,7788.956156301236,45.77394174362041,-108.59042458988436,2026,418.01,4.408532320911185,-1.4220356570134984,6.71,6.6725,6.582307692307693,0.20999999999999996,4.1,4.133333333333334,4.3,41.0,BILLINGS,MT,59102,Yellowstone,Improved Property,improved_property,improved_unknown,missing,340400.0,341445.23968942673,1045.2396894267295,0.30706218843323424
0.17538818822176333,0.175,7639.909478940011,45.77398592046836,-108.55217301059176,2026,418.01,4.408532320911185,-1.4220356570134984,6.71,6.6725,6.582307692307693,0.20999999999999996,4.1,4.133333333333334,4.3,41.0,BILLINGS,MT,59102,Yellowstone,Improved Property,improved_property,improved_unknown,missing,319200.0,320184.31372562976,984.3137256297632,0.3083689616634596
0.1436587136820528,0.151,6257.77356799022,45.77271151896206,-108.55776941840612,2026,418.01,4.408532320911185,-1.4220356570134984,6.71,6.6725,6.582307692307693,0.20999999999999996,4.1,4.133333333333334,4.3,41.0,BILLINGS,MT,59102,Yellowstone,Improved Property,improved_property,improved_unknown,missing,305000.0,304056.8173950443,943.1826049556839,0.30924019834612587
1.034609456905178,1.034,45067.587942789556,45.868445873812625,-108.43703061100369,2026,418.01,4.408532320911185,-1.4220356570134984,6.71,6.6725,6.582307692307693,0.20999999999999996,4.1,4.133333333333334,4.3,41.0,BILLINGS,MT,59105,Yellowstone,Improved Property,improved_property,improved_unknown,missing,392800.0,391575.76978588034,1224.230214119656,0.31166756978606314
0.1518964824392925,0.161,6616.610775055581,45.78176138913007,-108.5350527623853,2026,418.01,4.408532320911185,-1.4220356570134984,6.71,6.6725,6.582307692307693,0.20999999999999996,4.1,4.133333333333334,4.3,41.0,BILLINGS,MT,59101,Yellowstone,Improved Property,improved_property,improved_unknown,missing,300300.0,299360.6425298869,939.3574701130856,0.31280635035400783
73.37113008820013,73.26,3196046.426641998,45.73155772770904,-108.69451909528486,2026,418.01,4.408532320911185,-1.4220356570134984,6.71,6.6725,6.582307692307693,0.20999999999999996,4.1,4.133333333333334,4.3,41.0,BILLINGS,MT,59106,Yellowstone,Improved Property,improved_property,improved_unknown,missing,361590.0,362724.5203417243,1134.5203417242737,0.31375877146056963
0.19711456304573763,0.201,8586.310366272332,45.778807988781026,-108.53138603359744,2026,418.01,4.408532320911185,-1.4220356570134984,6.71,6.6725,6.582307692307693,0.20999999999999996,4.1,4.133333333333334,4.3,41.0,BILLINGS,MT,59101,Yellowstone,Improved Property,improved_property,improved_unknown,missing,314100.0,313111.09964283137,988.9003571686335,0.3148361531896318
0.3070677463173035,0.307,13375.87102958174,45.83981538329956,-108.50881410864703,2026,418.01,4.408532320911185,-1.4220356570134984,6.71,6.6725,6.582307692307693,0.20999999999999996,4.1,4.133333333333334,4.3,41.0,BILLINGS,MT,59105,Yellowstone,Improved Property,improved_property,improved_unknown,missing,451900.0,453334.8853362877,1434.8853362877271,0.31752275642569755
0.07326699286752683,0.072,3191.510209309469,45.7401209852254,-108.55144606400702,2026,418.01,4.408532320911185,-1.4220356570134984,6.71,6.6725,6.582307692307693,0.20999999999999996,4.1,4.133333333333334,4.3,41.0,BILLINGS,MT,59101,Yellowstone,Improved Property,improved_property,improved_unknown,missing,369800.0,370977.98419979063,1177.9841997906333,0.3185462952381377
0.038336860716902815,0.035,1669.9536528282865,45.79974053532786,-108.67786803903377,2026,418.01,4.408532320911185,-1.4220356570134984,6.71,6.6725,6.582307692307693,0.20999999999999996,4.1,4.133333333333334,4.3,41.0,BILLINGS,MT,59106,Yellowstone,Townhouse,townhouse,residential,True,308300.0,307312.88572463783,987.114275362168,0.3201797844184781
0.2203601852527889,0.22,9598.889669611484,45.80502580603128,-108.49914029786646,2026,418.01,4.408532320911185,-1.4220356570134984,6.71,6.6725,6.582307692307693,0.20999999999999996,4.1,4.133333333333334,4.3,41.0,BILLINGS,MT,59105,Yellowstone,Improved Property,improved_property,improved_unknown,missing,375900.0,377106.5433376872,1206.5433376872097,0.32097455112721723
0.28340462122555116,0.28,12345.105300585008,45.81810889964116,-108.52782161722756,2026,418.01,4.408532320911185,-1.4220356570134984,6.71,6.6725,6.582307692307693,0.20999999999999996,4.1,4.133333333333334,4.3,41.0,BILLINGS,MT,59105,Yellowstone,Improved Property,improved_property,improved_unknown,missing,374400.0,373189.96040869714,1210.0395913028624,0.3231943352838842
0.01889389877974697,0.0,823.018230845778,45.78971705345,-108.5353718449913,2026,418.01,4.408532320911185,-1.4220356570134984,6.71,6.6725,6.582307692307693,0.20999999999999996,4.1,4.133333333333334,4.3,41.0,BILLINGS,MT,59102,Yellowstone,Condominium,condominium,residential,True,248200.0,247393.7029926758,806.2970073242032,0.32485777893803514
0.0376142037315238,0.0,1638.4747145451768,45.75921094376536,-108.61598970874685,2026,418.01,4.408532320911185,-1.4220356570134984,6.71,6.6725,6.582307692307693,0.20999999999999996,4.1,4.133333333333334,4.3,41.0,BILLINGS,MT,59102,Yellowstone,Condominium,condominium,residential,True,314800.0,313754.04263088066,1045.9573691193364,0.3322609177634486
0.2011059118355901,0.201,8760.173519558304,45.79604975192195,-108.50048020049879,2026,418.01,4.408532320911185,-1.4220356570134984,6.71,6.6725,6.582307692307693,0.20999999999999996,4.1,4.133333333333334,4.3,41.0,BILLINGS,MT,59101,Yellowstone,Improved Property,improved_property,improved_unknown,missing,280600.0,281535.7172001843,935.7172001842991,0.3334701354897716
39.85830242435652,40.0,1736227.65360497,45.72382438572899,-108.30239492439716,2026,418.01,4.408532320911185,-1.4220356570134984,6.71,6.6725,6.582307692307693,0.20999999999999996,4.1,4.133333333333334,4.3,41.0,missing,missing,missing,Yellowstone,Vacant Land,vacant_land,land,False,3014.0,3024.099991539955,10.099991539955226,0.3351025726594302
0.25961354828111577,0.25,11308.766163125403,45.79926555040228,-108.56672304809544,2026,418.01,4.408532320911185,-1.4220356570134984,6.71,6.6725,6.582307692307693,0.20999999999999996,4.1,4.133333333333334,4.3,41.0,BILLINGS,MT,59102,Yellowstone,Improved Property,improved_property,improved_unknown,missing,403400.0,404765.3197235151,1365.3197235150728,0.3384530797013071
0.24108965040277025,0.241,10501.865171544672,45.783267907985966,-108.53966518139134,2026,418.01,4.408532320911185,-1.4220356570134984,6.71,6.6725,6.582307692307693,0.20999999999999996,4.1,4.133333333333334,4.3,41.0,BILLINGS,MT,59101,Yellowstone,Improved Property,improved_property,improved_unknown,missing,348000.0,349180.1754537606,1180.175453760603,0.33913087751741466
0.3392155439861945,0.338,14776.229096038633,45.81567115615561,-108.38771556643941,2026,418.01,4.408532320911185,-1.4220356570134984,6.71,6.6725,6.582307692307693,0.20999999999999996,4.1,4.133333333333334,4.3,41.0,BILLINGS,MT,59101,Yellowstone,Improved Property,improved_property,improved_unknown,missing,309100.0,308039.4518888078,1060.5481111921836,0.3431084151382024
637.5839525356757,640.0,27773156.972454034,46.037722385060896,-108.05800271996794,2026,418.01,4.408532320911185,-1.4220356570134984,6.71,6.6725,6.582307692307693,0.20999999999999996,4.1,4.133333333333334,4.3,41.0,missing,missing,missing,Yellowstone,Vacant Land,vacant_land,land,False,29731.0,29833.371557300605,102.37155730060476,0.34432598062831643
0.23393628086487792,0.234,10190.264394474081,45.81399897476146,-108.49038263592143,2026,418.01,4.408532320911185,-1.4220356570134984,6.71,6.6725,6.582307692307693,0.20999999999999996,4.1,4.133333333333334,4.3,41.0,BILLINGS,MT,59105,Yellowstone,Improved Property,improved_property,improved_unknown,missing,374500.0,373200.8265934286,1299.1734065713827,0.34690878680143733
0.1675558535080116,0.168,7298.7329788089855,45.80192221099349,-108.69415311372934,2026,418.01,4.408532320911185,-1.4220356570134984,6.71,6.6725,6.582307692307693,0.20999999999999996,4.1,4.133333333333334,4.3,41.0,BILLINGS,MT,59106,Yellowstone,Improved Property,improved_property,improved_unknown,missing,444200.0,442657.8200035576,1542.179996442399,0.34718144899648784
0.03643647699130844,0.0,1587.1729377413956,45.786492317286374,-108.59655441887159,2026,418.01,4.408532320911185,-1.4220356570134984,6.71,6.6725,6.582307692307693,0.20999999999999996,4.1,4.133333333333334,4.3,41.0,BILLINGS,MT,59102,Yellowstone,Condominium,condominium,residential,True,332700.0,333862.7326695821,1162.7326695821248,0.3494838201328899
0.3702248829946682,0.364,16126.995903247747,45.66578571808924,-108.77430146579134,2026,418.01,4.408532320911185,-1.4220356570134984,6.71,6.6725,6.582307692307693,0.20999999999999996,4.1,4.133333333333334,4.3,41.0,LAUREL,MT,59044,Yellowstone,Improved Property,improved_property,improved_unknown,missing,380000.0,381331.72903455794,1331.7290345579386,0.35045500909419436
0.1606928021421315,0.161,6999.778461311248,45.78874707479381,-108.5498036295173,2026,418.01,4.408532320911185,-1.4220356570134984,6.71,6.6725,6.582307692307693,0.20999999999999996,4.1,4.133333333333334,4.3,41.0,BILLINGS,MT,59102,Yellowstone,Improved Property,improved_property,improved_unknown,missing,299900.0,300956.19179098017,1056.1917909801705,0.352181324101424
0.19035661026947806,0.191,8291.933943338465,45.76094832060668,-108.57192639234401,2026,418.01,4.408532320911185,-1.4220356570134984,6.71,6.6725,6.582307692307693,0.20999999999999996,4.1,4.133333333333334,4.3,41.0,BILLINGS,MT,59106,Yellowstone,Improved Property,improved_property,improved_unknown,missing,385300.0,386660.8930942524,1360.8930942523875,0.3532035022715774
0.2201204395251112,0.22,9588.446345713844,45.7864588149334,-108.663456851056,2026,418.01,4.408532320911185,-1.4220356570134984,6.71,6.6725,6.582307692307693,0.20999999999999996,4.1,4.133333333333334,4.3,41.0,BILLINGS,MT,59106,Yellowstone,Improved Property,improved_property,improved_unknown,missing,521400.0,519526.42963700066,1873.5703629993368,0.3593345537014455
0.2348923646178825,0.235,10231.91140275496,45.80099712388786,-108.43303082326759,2026,418.01,4.408532320911185,-1.4220356570134984,6.71,6.6725,6.582307692307693,0.20999999999999996,4.1,4.133333333333334,4.3,41.0,BILLINGS,MT,59101,Yellowstone,Improved Property,improved_property,improved_unknown,missing,272400.0,271417.28713424364,982.712865756359,0.3607609639340525
0.1421333654437137,0.141,6191.329398728169,45.77075446183677,-108.55655732794378,2026,418.01,4.408532320911185,-1.4220356570134984,6.71,6.6725,6.582307692307693,0.20999999999999996,4.1,4.133333333333334,4.3,41.0,BILLINGS,MT,59102,Yellowstone,Improved Property,improved_property,improved_unknown,missing,301100.0,302190.981744729,1090.9817447289824,0.3623320307967394
674.7794022275255,674.56,29393390.76103101,45.877931692658834,-108.22724236974986,2026,418.01,4.408532320911185,-1.4220356570134984,6.71,6.6725,6.582307692307693,0.20999999999999996,4.1,4.133333333333334,4.3,41.0,missing,missing,missing,Yellowstone,Vacant Land,vacant_land,land,False,33322.0,33200.666049102605,121.33395089739497,0.364125655415026
0.4942106151326725,0.504,21527.814395179215,45.67962396358272,-108.76937480647514,2026,418.01,4.408532320911185,-1.4220356570134984,6.71,6.6725,6.582307692307693,0.20999999999999996,4.1,4.133333333333334,4.3,41.0,LAUREL,MT,59044,Yellowstone,Improved Property,improved_property,improved_unknown,missing,393200.0,394638.21356549504,1438.2135654950398,0.3657715069926347
0.21990884589292284,0.22,9579.229327095718,45.79673710847459,-108.65225115555154,2026,418.01,4.408532320911185,-1.4220356570134984,6.71,6.6725,6.582307692307693,0.20999999999999996,4.1,4.133333333333334,4.3,41.0,BILLINGS,MT,59106,Yellowstone,Improved Property,improved_property,improved_unknown,missing,497000.0,495182.1016310474,1817.8983689526212,0.3657743197087769
0.2145288200015933,0.224,9344.875399269404,45.775175894926385,-108.59262661485853,2026,418.01,4.408532320911185,-1.4220356570134984,6.71,6.6725,6.582307692307693,0.20999999999999996,4.1,4.133333333333334,4.3,41.0,BILLINGS,MT,59102,Yellowstone,Improved Property,improved_property,improved_unknown,missing,366100.0,367444.40267225937,1344.4026722593699,0.36722280039862604
0.22038194644807274,0.22,9599.837587278049,45.78846050908778,-108.59490079298345,2026,418.01,4.408532320911185,-1.4220356570134984,6.71,6.6725,6.582307692307693,0.20999999999999996,4.1,4.133333333333334,4.3,41.0,BILLINGS,MT,59102,Yellowstone,Improved Property,improved_property,improved_unknown,missing,436900.0,435274.479940817,1625.520059183007,0.37205769264889155
0.026731573783945365,0.0,1164.4273540286601,45.757199850163275,-108.59889223235147,2026,418.01,4.408532320911185,-1.4220356570134984,6.71,6.6725,6.582307692307693,0.20999999999999996,4.1,4.133333333333334,4.3,41.0,BILLINGS,MT,59102,Yellowstone,Condominium,condominium,residential,True,245600.0,244683.98203362167,916.0179663783347,0.37297148468173236
0.041102649581170214,0.0,1790.4314157557744,45.680749431288916,-108.80041282202296,2026,418.01,4.408532320911185,-1.4220356570134984,6.71,6.6725,6.582307692307693,0.20999999999999996,4.1,4.133333333333334,4.3,41.0,LAUREL,MT,59044,Yellowstone,Condominium,condominium,residential,True,297800.0,296676.06530489994,1123.9346951000625,0.3774125906984763
120.18162528935775,120.0,5235111.597604424,45.948306210752385,-108.01384822404407,2026,418.01,4.408532320911185,-1.4220356570134984,6.71,6.6725,6.582307692307693,0.20999999999999996,4.1,4.133333333333334,4.3,41.0,BALLANTINE,MT,59006,Yellowstone,Improved Property,improved_property,improved_unknown,missing,256761.0,255778.55580392986,982.444196070137,0.38262983711316634
0.15678302136201622,0.162,6829.468410529426,45.757588687682755,-108.61146403674452,2026,418.01,4.408532320911185,-1.4220356570134984,6.71,6.6725,6.582307692307693,0.20999999999999996,4.1,4.133333333333334,4.3,41.0,BILLINGS,MT,59102,Yellowstone,Improved Property,improved_property,improved_unknown,missing,337100.0,335806.65537969104,1293.3446203089552,0.38366793838889207
0.25205539509765146,0.248,10979.533010453697,45.78339157770386,-108.71776593816207,2026,418.01,4.408532320911185,-1.4220356570134984,6.71,6.6725,6.582307692307693,0.20999999999999996,4.1,4.133333333333334,4.3,41.0,BILLINGS,MT,59106,Yellowstone,Vacant Land,vacant_land,land,False,26765.0,26867.94729487506,102.94729487505901,0.38463401784068374
0.1928602604839525,0.193,8400.99294668097,45.77816758736055,-108.57052847898872,2026,418.01,4.408532320911185,-1.4220356570134984,6.71,6.6725,6.582307692307693,0.20999999999999996,4.1,4.133333333333334,4.3,41.0,BILLINGS,MT,59102,Yellowstone,Improved Property,improved_property,improved_unknown,missing,325600.0,324347.16588916746,1252.8341108325403,0.384777061066505
0.15167693836564036,0.152,6607.047435207294,45.77637815611829,-108.5795954312822,2026,418.01,4.408532320911185,-1.4220356570134984,6.71,6.6725,6.582307692307693,0.20999999999999996,4.1,4.133333333333334,4.3,41.0,BILLINGS,MT,59102,Yellowstone,Improved Property,improved_property,improved_unknown,missing,322200.0,323452.5786299065,1252.578629906522,0.3887581098406338
0.14099960628291036,0.141,6141.942849683575,45.736220012301416,-108.57378863512265,2026,418.01,4.408532320911185,-1.4220356570134984,6.71,6.6725,6.582307692307693,0.20999999999999996,4.1,4.133333333333334,4.3,41.0,BILLINGS,MT,59101,Yellowstone,Improved Property,improved_property,improved_unknown,missing,394800.0,396346.6894252956,1546.6894252956263,0.39176530529271186
0.16371219476889257,0.162,7131.30320413296,45.79022094756036,-108.65596843972232,2026,418.01,4.408532320911185,-1.4220356570134984,6.71,6.6725,6.582307692307693,0.20999999999999996,4.1,4.133333333333334,4.3,41.0,BILLINGS,MT,59106,Yellowstone,Improved Property,improved_property,improved_unknown,missing,434500.0,432793.91007212823,1706.0899278717698,0.3926559097518457
0.20346900162959608,0.203,8863.109710985205,45.782270637665285,-108.58153379509822,2026,418.01,4.408532320911185,-1.4220356570134984,6.71,6.6725,6.582307692307693,0.20999999999999996,4.1,4.133333333333334,4.3,41.0,BILLINGS,MT,59102,Yellowstone,Improved Property,improved_property,improved_unknown,missing,343600.0,342247.8901101821,1352.1098898178898,0.3935127735209225
0.030245534978700386,0.0,1317.4955036721888,45.76598653214411,-108.60078487480884,2026,418.01,4.408532320911185,-1.4220356570134984,6.71,6.6725,6.582307692307693,0.20999999999999996,4.1,4.133333333333334,4.3,41.0,BILLINGS,MT,59102,Yellowstone,Condominium,condominium,residential,True,290400.0,291543.770905538,1143.7709055379964,0.39386050466184447
0.1652389715575589,0.165,7197.8096010472655,45.765385940790374,-108.56843889212348,2026,418.01,4.408532320911185,-1.4220356570134984,6.71,6.6725,6.582307692307693,0.20999999999999996,4.1,4.133333333333334,4.3,41.0,BILLINGS,MT,59102,Yellowstone,Improved Property,improved_property,improved_unknown,missing,322500.0,323770.68761411787,1270.6876141178655,0.3940116632923614
0.160697344770493,0.161,6999.976338202675,45.77190494486775,-108.49699644959655,2026,418.01,4.408532320911185,-1.4220356570134984,6.71,6.6725,6.582307692307693,0.20999999999999996,4.1,4.133333333333334,4.3,41.0,BILLINGS,MT,59101,Yellowstone,Improved Property,improved_property,improved_unknown,missing,237700.0,238637.36711135207,937.3671113520686,0.3943488057854727
0.02437611896012538,0.0,1061.8237419030615,45.744344719119326,-108.55326576276154,2026,418.01,4.408532320911185,-1.4220356570134984,6.71,6.6725,6.582307692307693,0.20999999999999996,4.1,4.133333333333334,4.3,41.0,BILLINGS,MT,59101,Yellowstone,Condominium,condominium,residential,True,221700.0,222576.38689574445,876.3868957444502,0.39530306528843034
0.11616180941007022,0.116,5060.008417902659,45.73432520756365,-108.5726462379378,2026,418.01,4.408532320911185,-1.4220356570134984,6.71,6.6725,6.582307692307693,0.20999999999999996,4.1,4.133333333333334,4.3,41.0,BILLINGS,MT,59101,Yellowstone,Improved Property,improved_property,improved_unknown,missing,357200.0,358613.9816657909,1413.981665790896,0.39585153017662256
158.16534005377545,160.0,6889682.212742459,46.06272045250689,-108.50435796026105,2026,418.01,4.408532320911185,-1.4220356570134984,6.71,6.6725,6.582307692307693,0.20999999999999996,4.1,4.133333333333334,4.3,41.0,missing,missing,missing,Yellowstone,Vacant Land,vacant_land,land,False,10176.0,10216.489810782825,40.48981078282486,0.39789515313310597
0.15171266437857234,0.152,6608.603660330611,45.77590882287691,-108.58101104217553,2026,418.01,4.408532320911185,-1.4220356570134984,6.71,6.6725,6.582307692307693,0.20999999999999996,4.1,4.133333333333334,4.3,41.0,BILLINGS,MT,59102,Yellowstone,Improved Property,improved_property,improved_unknown,missing,326100.0,324794.7519582645,1305.2480417354964,0.4002600557299897
0.18789483823112077,0.165,8184.699153347621,45.75677963138018,-108.6090722889456,2026,418.01,4.408532320911185,-1.4220356570134984,6.71,6.6725,6.582307692307693,0.20999999999999996,4.1,4.133333333333334,4.3,41.0,BILLINGS,MT,59102,Yellowstone,Improved Property,improved_property,improved_unknown,missing,342200.0,340823.7670071984,1376.2329928015824,0.40217211946276515
0.014465140326419594,0.0,630.1015126188375,45.758563341265756,-108.60150057004273,2026,418.01,4.408532320911185,-1.4220356570134984,6.71,6.6725,6.582307692307693,0.20999999999999996,4.1,4.133333333333334,4.3,41.0,BILLINGS,MT,59102,Yellowstone,Condominium,condominium,residential,True,218300.0,219178.4871921079,878.4871921078884,0.4024219844745252
0.2962720303644739,0.296,12905.609642676483,45.7803619562145,-108.53814492851961,2026,418.01,4.408532320911185,-1.4220356570134984,6.71,6.6725,6.582307692307693,0.20999999999999996,4.1,4.133333333333334,4.3,41.0,BILLINGS,MT,59102,Yellowstone,Improved Property,improved_property,improved_unknown,missing,376600.0,378124.5299971463,1524.529997146281,0.40481412563629343
0.20571739517754747,0.206,8961.049733933967,45.78678446177665,-108.5687008603377,2026,418.01,4.408532320911185,-1.4220356570134984,6.71,6.6725,6.582307692307693,0.20999999999999996,4.1,4.133333333333334,4.3,41.0,BILLINGS,MT,59102,Yellowstone,Improved Property,improved_property,improved_unknown,missing,344100.0,345496.65922602534,1396.6592260253383,0.4058875983799297
0.03391052992188531,0.035,1477.1426833973242,45.800428840492444,-108.6768594785116,2026,418.01,4.408532320911185,-1.4220356570134984,6.71,6.6725,6.582307692307693,0.20999999999999996,4.1,4.133333333333334,4.3,41.0,BILLINGS,MT,59106,Yellowstone,Townhouse,townhouse,residential,True,311400.0,310133.08317071426,1266.9168292857357,0.4068454814661965
0.15141798107492294,0.161,6595.767255623643,45.77340231944028,-108.53153568376197,2026,418.01,4.408532320911185,-1.4220356570134984,6.71,6.6725,6.582307692307693,0.20999999999999996,4.1,4.133333333333334,4.3,41.0,BILLINGS,MT,59101,Yellowstone,Improved Property,improved_property,improved_unknown,missing,268400.0,269492.4654719636,1092.4654719635728,0.4070288643679481
0.22004959704216676,0.218,9585.360447156783,45.78667433899108,-108.53599475323378,2026,418.01,4.408532320911185,-1.4220356570134984,6.71,6.6725,6.582307692307693,0.20999999999999996,4.1,4.133333333333334,4.3,41.0,BILLINGS,MT,59102,Yellowstone,Improved Property,improved_property,improved_unknown,missing,356300.0,357754.1290528577,1454.1290528576938,0.40811929633951555
0.13790900205548584,0.138,6007.316129536964,45.77932601285636,-108.66415767932061,2026,418.01,4.408532320911185,-1.4220356570134984,6.71,6.6725,6.582307692307693,0.20999999999999996,4.1,4.133333333333334,4.3,41.0,BILLINGS,MT,59106,Yellowstone,Improved Property,improved_property,improved_unknown,missing,427100.0,425354.69465051545,1745.3053494845517,0.40864091535578356
0.16867249500848872,0.169,7347.373882569768,45.780395114850634,-108.66504708975302,2026,418.01,4.408532320911185,-1.4220356570134984,6.71,6.6725,6.582307692307693,0.20999999999999996,4.1,4.133333333333334,4.3,41.0,BILLINGS,MT,59106,Yellowstone,Improved Property,improved_property,improved_unknown,missing,446300.0,444453.6606834575,1846.3393165424932,0.4136991522613698
0.2837271448200679,0.284,12359.154428362157,45.80030113563776,-108.58386250710653,2026,418.01,4.408532320911185,-1.4220356570134984,6.71,6.6725,6.582307692307693,0.20999999999999996,4.1,4.133333333333334,4.3,41.0,BILLINGS,MT,59102,Yellowstone,Improved Property,improved_property,improved_unknown,missing,458500.0,456575.081837951,1924.9181620490272,0.4198294791819034
0.14346383946179656,0.144,6249.284846955858,45.82428398369395,-108.48631691243308,2026,418.01,4.408532320911185,-1.4220356570134984,6.71,6.6725,6.582307692307693,0.20999999999999996,4.1,4.133333333333334,4.3,41.0,BILLINGS,MT,59105,Yellowstone,Improved Property,improved_property,improved_unknown,missing,311500.0,310191.465351521,1308.5346484790207,0.42007532856469365
0.17061686292947828,0.171,7432.070549208074,45.78736094795304,-108.6144614962342,2026,418.01,4.408532320911185,-1.4220356570134984,6.71,6.6725,6.582307692307693,0.20999999999999996,4.1,4.133333333333334,4.3,41.0,BILLINGS,MT,59102,Yellowstone,Improved Property,improved_property,improved_unknown,missing,384500.0,382862.32896744116,1637.6710325588356,0.4259222451388389
0.18087228076303868,0.181,7878.796550037965,45.799325184534226,-108.69476642506254,2026,418.01,4.408532320911185,-1.4220356570134984,6.71,6.6725,6.582307692307693,0.20999999999999996,4.1,4.133333333333334,4.3,41.0,BILLINGS,MT,59106,Yellowstone,Improved Property,improved_property,improved_unknown,missing,440700.0,442591.28924310976,1891.289243109757,0.4291557166121528
0.014293127262976317,0.026,622.6086235752483,45.75627254207347,-108.59868747759066,2026,418.01,4.408532320911185,-1.4220356570134984,6.71,6.6725,6.582307692307693,0.20999999999999996,4.1,4.133333333333334,4.3,41.0,BILLINGS,MT,59102,Yellowstone,Townhouse,townhouse,residential,True,255300.0,254198.63545746205,1101.364542537951,0.4314001341707603
0.47340477930297487,0.472,20621.512186437587,45.689863058326374,-108.78015438270637,2026,418.01,4.408532320911185,-1.4220356570134984,6.71,6.6725,6.582307692307693,0.20999999999999996,4.1,4.133333333333334,4.3,41.0,LAUREL,MT,59044,Yellowstone,Improved Property,improved_property,improved_unknown,missing,373800.0,375412.7528003007,1612.7528003007174,0.4314480471644509
0.159818224250114,0.161,6961.681848334965,45.787724444490344,-108.6519562942019,2026,418.01,4.408532320911185,-1.4220356570134984,6.71,6.6725,6.582307692307693,0.20999999999999996,4.1,4.133333333333334,4.3,41.0,BILLINGS,MT,59106,Yellowstone,Improved Property,improved_property,improved_unknown,missing,450100.0,448152.9402711494,1947.0597288506106,0.4325838100090225
0.15024301177419128,0.15,6544.585592883772,45.757975761008474,-108.52998387280769,2026,418.01,4.408532320911185,-1.4220356570134984,6.71,6.6725,6.582307692307693,0.20999999999999996,4.1,4.133333333333334,4.3,41.0,BILLINGS,MT,59101,Yellowstone,Improved Property,improved_property,improved_unknown,missing,270100.0,271277.13238573755,1177.1323857375537,0.4358135452564064
0.046862131485226007,0.07,2041.314447496445,45.78460566040485,-108.66585213743545,2026,418.01,4.408532320911185,-1.4220356570134984,6.71,6.6725,6.582307692307693,0.20999999999999996,4.1,4.133333333333334,4.3,41.0,BILLINGS,MT,59106,Yellowstone,Townhouse,townhouse,residential,True,344300.0,345800.91191236675,1500.9119123667479,0.43593142967375775
0.4634482271898637,0.485,20187.804776390465,45.68317410619192,-108.72133367439328,2026,418.01,4.408532320911185,-1.4220356570134984,6.71,6.6725,6.582307692307693,0.20999999999999996,4.1,4.133333333333334,4.3,41.0,LAUREL,MT,59044,Yellowstone,Improved Property,improved_property,improved_unknown,missing,410000.0,411788.46104499785,1788.46104499785,0.4362100109750853
0.1900602104773871,0.194,8279.022768394983,45.67971033673378,-108.78084432476871,2026,418.01,4.408532320911185,-1.4220356570134984,6.71,6.6725,6.582307692307693,0.20999999999999996,4.1,4.133333333333334,4.3,41.0,LAUREL,MT,59044,Yellowstone,Improved Property,improved_property,improved_unknown,missing,297700.0,296400.8755110946,1299.1244889054215,0.43638713097259707
0.24762689050372258,0.248,10786.627350342156,45.78286873349197,-108.71032712638576,2026,418.01,4.408532320911185,-1.4220356570134984,6.71,6.6725,6.582307692307693,0.20999999999999996,4.1,4.133333333333334,4.3,41.0,BILLINGS,MT,59106,Yellowstone,Vacant Land,vacant_land,land,False,26765.0,26882.158259245763,117.15825924576347,0.43772934521114687
0.2171185603751342,0.217,9457.684489940846,45.78079502975231,-108.56715073808101,2026,418.01,4.408532320911185,-1.4220356570134984,6.71,6.6725,6.582307692307693,0.20999999999999996,4.1,4.133333333333334,4.3,41.0,BILLINGS,MT,59102,Yellowstone,Improved Property,improved_property,improved_unknown,missing,342500.0,344001.34600142814,1501.3460014281445,0.4383491974972685
0.1614389306245395,0.161,7032.279818004941,45.76869766749396,-108.6228693728528,2026,418.01,4.408532320911185,-1.4220356570134984,6.71,6.6725,6.582307692307693,0.20999999999999996,4.1,4.133333333333334,4.3,41.0,BILLINGS,MT,59106,Yellowstone,Improved Property,improved_property,improved_unknown,missing,435300.0,433390.02995231206,1909.970047687937,0.4387709735097489
0.23343667763827508,0.234,10168.501677923263,45.81404548793809,-108.4867883385391,2026,418.01,4.408532320911185,-1.4220356570134984,6.71,6.6725,6.582307692307693,0.20999999999999996,4.1,4.133333333333334,4.3,41.0,BILLINGS,MT,59105,Yellowstone,Improved Property,improved_property,improved_unknown,missing,377600.0,375927.5863756126,1672.413624387409,0.4429061505263266
0.27702718559691986,0.277,12067.304204601829,45.78786222278448,-108.64853131793811,2026,418.01,4.408532320911185,-1.4220356570134984,6.71,6.6725,6.582307692307693,0.20999999999999996,4.1,4.133333333333334,4.3,41.0,BILLINGS,MT,59106,Yellowstone,Improved Property,improved_property,improved_unknown,missing,591300.0,588677.8591397812,2622.1408602187876,0.4434535532248922
0.41911558783073416,0.409,18256.67500590678,45.83074566021885,-108.47302461212827,2026,418.01,4.408532320911185,-1.4220356570134984,6.71,6.6725,6.582307692307693,0.20999999999999996,4.1,4.133333333333334,4.3,41.0,BILLINGS,MT,59105,Yellowstone,Improved Property,improved_property,improved_unknown,missing,370400.0,368751.84809315694,1648.1519068430644,0.44496541761421826
149.89714500093123,148.96,6529519.636240564,46.01262174153387,-108.66887503296222,2026,418.01,4.408532320911185,-1.4220356570134984,6.71,6.6725,6.582307692307693,0.20999999999999996,4.1,4.133333333333334,4.3,41.0,missing,missing,missing,Yellowstone,Improved Property,improved_property,improved_unknown,missing,40775.0,40957.15551561004,182.15551561003667,0.44673333074196614
0.02036293042013117,0.024,887.0092491009138,45.73919149497456,-108.56790490126465,2026,418.01,4.408532320911185,-1.4220356570134984,6.71,6.6725,6.582307692307693,0.20999999999999996,4.1,4.133333333333334,4.3,41.0,BILLINGS,MT,59101,Yellowstone,Townhouse,townhouse,residential,True,288200.0,289488.32213937014,1288.3221393701388,0.44702364308471154
0.1649502291504073,0.165,7185.231981791742,45.800470137251835,-108.6937817112973,2026,418.01,4.408532320911185,-1.4220356570134984,6.71,6.6725,6.582307692307693,0.20999999999999996,4.1,4.133333333333334,4.3,41.0,BILLINGS,MT,59106,Yellowstone,Improved Property,improved_property,improved_unknown,missing,419700.0,417811.4027991231,1888.5972008769168,0.44998741979435714
0.22038606073999062,0.22,9600.016805833991,45.831336046962726,-108.5115243410812,2026,418.01,4.408532320911185,-1.4220356570134984,6.71,6.6725,6.582307692307693,0.20999999999999996,4.1,4.133333333333334,4.3,41.0,BILLINGS,MT,59105,Yellowstone,Improved Property,improved_property,improved_unknown,missing,394600.0,396404.50593005953,1804.5059300595312,0.4573000329598407
0.3966003887542074,0.399,17275.912934133274,45.80904152729756,-108.65916224085232,2026,418.01,4.408532320911185,-1.4220356570134984,6.71,6.6725,6.582307692307693,0.20999999999999996,4.1,4.133333333333334,4.3,41.0,BILLINGS,MT,59106,Yellowstone,Improved Property,improved_property,improved_unknown,missing,560800.0,563384.4212498338,2584.421249833773,0.46084544397891813
0.015076472063269293,0.0,656.7311230760104,45.758881271582005,-108.60237619293005,2026,418.01,4.408532320911185,-1.4220356570134984,6.71,6.6725,6.582307692307693,0.20999999999999996,4.1,4.133333333333334,4.3,41.0,BILLINGS,MT,59102,Yellowstone,Condominium,condominium,residential,True,216200.0,217197.2889545382,997.2889545382059,0.46128073752923493
0.16254895486047446,0.164,7080.632473722268,45.77365164133374,-108.552172503563,2026,418.01,4.408532320911185,-1.4220356570134984,6.71,6.6725,6.582307692307693,0.20999999999999996,4.1,4.133333333333334,4.3,41.0,BILLINGS,MT,59102,Yellowstone,Improved Property,improved_property,improved_unknown,missing,303900.0,302489.5253976761,1410.4746023238986,0.4641245812187886
0.16070199433060434,0.161,7000.1788730411245,45.79720544050808,-108.54683985142748,2026,418.01,4.408532320911185,-1.4220356570134984,6.71,6.6725,6.582307692307693,0.20999999999999996,4.1,4.133333333333334,4.3,41.0,BILLINGS,MT,59102,Yellowstone,Improved Property,improved_property,improved_unknown,missing,315400.0,313935.95292243024,1464.0470775697613,0.46418740569745126
642.3783387305252,640.0,27982000.43510168,46.16992258954761,-108.10238670001137,2026,418.01,4.408532320911185,-1.4220356570134984,6.71,6.6725,6.582307692307693,0.20999999999999996,4.1,4.133333333333334,4.3,41.0,missing,missing,missing,Yellowstone,Vacant Land,vacant_land,land,False,31951.0,31801.99087437278,149.00912562722078,0.4663676430384676
0.14464559453937684,0.145,6300.762098135255,45.67178187643078,-108.76363904308113,2026,418.01,4.408532320911185,-1.4220356570134984,6.71,6.6725,6.582307692307693,0.20999999999999996,4.1,4.133333333333334,4.3,41.0,LAUREL,MT,59044,Yellowstone,Improved Property,improved_property,improved_unknown,missing,238000.0,239110.4637688933,1110.4637688932999,0.46658141550138654
0.160698547226546,0.161,7000.028717188344,45.82137276594311,-108.45863480914659,2026,418.01,4.408532320911185,-1.4220356570134984,6.71,6.6725,6.582307692307693,0.20999999999999996,4.1,4.133333333333334,4.3,41.0,BILLINGS,MT,59105,Yellowstone,Improved Property,improved_property,improved_unknown,missing,337000.0,335420.86214300495,1579.1378569950466,0.46858690118547375
0.16046031092691704,0.161,6989.651143976506,45.67535267888337,-108.75569274773677,2026,418.01,4.408532320911185,-1.4220356570134984,6.71,6.6725,6.582307692307693,0.20999999999999996,4.1,4.133333333333334,4.3,41.0,LAUREL,MT,59044,Yellowstone,Improved Property,improved_property,improved_unknown,missing,250900.0,249716.69775831254,1183.3022416874592,0.47162305368172946
0.21679084305212293,0.217,9443.409123350475,45.77822424036658,-108.58368954414087,2026,418.01,4.408532320911185,-1.4220356570134984,6.71,6.6725,6.582307692307693,0.20999999999999996,4.1,4.133333333333334,4.3,41.0,BILLINGS,MT,59102,Yellowstone,Improved Property,improved_property,improved_unknown,missing,349600.0,351250.54605764826,1650.5460576482583,0.4721241583662066
0.3307091526200852,0.331,14405.690688130911,45.80076492038511,-108.58967387220142,2026,418.01,4.408532320911185,-1.4220356570134984,6.71,6.6725,6.582307692307693,0.20999999999999996,4.1,4.133333333333334,4.3,41.0,BILLINGS,MT,59102,Yellowstone,Improved Property,improved_property,improved_unknown,missing,548100.0,550719.2058278586,2619.2058278586483,0.4778700652907587
0.291451180422267,0.297,12695.613419193949,45.82126604845203,-108.45067142471974,2026,418.01,4.408532320911185,-1.4220356570134984,6.71,6.6725,6.582307692307693,0.20999999999999996,4.1,4.133333333333334,4.3,41.0,BILLINGS,MT,59105,Yellowstone,Improved Property,improved_property,improved_unknown,missing,343300.0,344956.3578839457,1656.3578839456895,0.48248117796262435
0.14672542520408363,0.147,6391.359521889883,45.777634239160776,-108.66332028959343,2026,418.01,4.408532320911185,-1.4220356570134984,6.71,6.6725,6.582307692307693,0.20999999999999996,4.1,4.133333333333334,4.3,41.0,BILLINGS,MT,59106,Yellowstone,Improved Property,improved_property,improved_unknown,missing,439400.0,441525.47897565784,2125.4789756578393,0.4837230258665997
0.1564141426558003,0.161,6813.400054086662,45.783296223974894,-108.52963418969146,2026,418.01,4.408532320911185,-1.4220356570134984,6.71,6.6725,6.582307692307693,0.20999999999999996,4.1,4.133333333333334,4.3,41.0,BILLINGS,MT,59101,Yellowstone,Improved Property,improved_property,improved_unknown,missing,301400.0,302863.21970686264,1463.219706862641,0.48547435529616495
0.19284220453934048,0.193,8400.206429733671,45.77818599495074,-108.56366765836209,2026,418.01,4.408532320911185,-1.4220356570134984,6.71,6.6725,6.582307692307693,0.20999999999999996,4.1,4.133333333333334,4.3,41.0,BILLINGS,MT,59102,Yellowstone,Improved Property,improved_property,improved_unknown,missing,314400.0,315928.5696392711,1528.5696392711252,0.4861862720328006
0.15481206766616679,0.161,6743.613667538225,45.77637967361035,-108.53775153981086,2026,418.01,4.408532320911185,-1.4220356570134984,6.71,6.6725,6.582307692307693,0.20999999999999996,4.1,4.133333333333334,4.3,41.0,BILLINGS,MT,59101,Yellowstone,Improved Property,improved_property,improved_unknown,missing,264700.0,265995.45436221134,1295.4543622113415,0.4894047458297474
0.21970978787937612,0.231,9570.558360025623,45.81736627008722,-108.50210177828856,2026,418.01,4.408532320911185,-1.4220356570134984,6.71,6.6725,6.582307692307693,0.20999999999999996,4.1,4.133333333333334,4.3,41.0,BILLINGS,MT,59105,Yellowstone,Improved Property,improved_property,improved_unknown,missing,369900.0,371712.42913130554,1812.4291313055437,0.4899781376873597
0.19749336391919425,0.214,8602.810932320102,45.76450486222018,-108.57489027790758,2026,418.01,4.408532320911185,-1.4220356570134984,6.71,6.6725,6.582307692307693,0.20999999999999996,4.1,4.133333333333334,4.3,41.0,BILLINGS,MT,59102,Yellowstone,Improved Property,improved_property,improved_unknown,missing,341400.0,343073.81443947303,1673.8144394730334,0.4902795663365651
0.015427599280813716,0.03,672.0262246722455,45.79164265763893,-108.59323766573144,2026,418.01,4.408532320911185,-1.4220356570134984,6.71,6.6725,6.582307692307693,0.20999999999999996,4.1,4.133333333333334,4.3,41.0,BILLINGS,MT,59102,Yellowstone,Townhouse,townhouse,residential,True,296100.0,294640.24244196713,1459.7575580328703,0.49299478488107745
0.0770918041282214,0.077,3358.1189878253244,45.827012512199055,-108.49315826758662,2026,418.01,4.408532320911185,-1.4220356570134984,6.71,6.6725,6.582307692307693,0.20999999999999996,4.1,4.133333333333334,4.3,41.0,BILLINGS,MT,59105,Yellowstone,Townhouse,townhouse,residential,True,233700.0,234853.48341130943,1153.4834113094257,0.4935744164781454
0.1738246880916119,0.174,7571.803413270614,45.77954021047573,-108.57889951976568,2026,418.01,4.408532320911185,-1.4220356570134984,6.71,6.6725,6.582307692307693,0.20999999999999996,4.1,4.133333333333334,4.3,41.0,BILLINGS,MT,59102,Yellowstone,Improved Property,improved_property,improved_unknown,missing,333500.0,331853.26566043956,1646.7343395604403,0.4937734151605518
0.22956014795065968,0.23,9999.640044730735,45.82771107471676,-108.44250094760888,2026,418.01,4.408532320911185,-1.4220356570134984,6.71,6.6725,6.582307692307693,0.20999999999999996,4.1,4.133333333333334,4.3,41.0,BILLINGS,MT,59105,Yellowstone,Improved Property,improved_property,improved_unknown,missing,330500.0,332138.7420534672,1638.7420534671983,0.4958372325165501
0.6730143775388641,0.664,29316.506285592917,45.74358199378122,-108.73633004165585,2026,418.01,4.408532320911185,-1.4220356570134984,6.71,6.6725,6.582307692307693,0.20999999999999996,4.1,4.133333333333334,4.3,41.0,BILLINGS,MT,59106,Yellowstone,Improved Property,improved_property,improved_unknown,missing,498300.0,500774.8951628016,2474.8951628016075,0.49666770274967037
0.30823214393358506,0.275,13426.592189746965,45.84505020284702,-108.48505354805431,2026,418.01,4.408532320911185,-1.4220356570134984,6.71,6.6725,6.582307692307693,0.20999999999999996,4.1,4.133333333333334,4.3,41.0,BILLINGS,MT,59105,Yellowstone,Improved Property,improved_property,improved_unknown,missing,438400.0,440588.138435686,2188.138435686007,0.49911916872399803
0.011819295811911858,0.0,514.8485255668805,45.76168494301204,-108.59941480543058,2026,418.01,4.408532320911185,-1.4220356570134984,6.71,6.6725,6.582307692307693,0.20999999999999996,4.1,4.133333333333334,4.3,41.0,BILLINGS,MT,59106,Yellowstone,Condominium,condominium,residential,True,206400.0,205366.60650750552,1033.393492494477,0.5006751417124404
0.029446694772484447,0.0,1282.6980242894226,45.79204485157568,-108.42435839602544,2026,418.01,4.408532320911185,-1.4220356570134984,6.71,6.6725,6.582307692307693,0.20999999999999996,4.1,4.133333333333334,4.3,41.0,BILLINGS,MT,59101,Yellowstone,Improved Property,improved_property,improved_unknown,missing,62300.0,61987.842648326165,312.15735167383536,0.5010551391233312
0.13774285662202085,0.138,6000.078834455228,45.77071968245749,-108.5551310856444,2026,418.01,4.408532320911185,-1.4220356570134984,6.71,6.6725,6.582307692307693,0.20999999999999996,4.1,4.133333333333334,4.3,41.0,BILLINGS,MT,59102,Yellowstone,Improved Property,improved_property,improved_unknown,missing,302900.0,304417.72539487306,1517.725394873065,0.5010648381885325
0.030086727732397008,0.033,1310.5778600232136,45.74288552657507,-108.54942765110067,2026,418.01,4.408532320911185,-1.4220356570134984,6.71,6.6725,6.582307692307693,0.20999999999999996,4.1,4.133333333333334,4.3,41.0,BILLINGS,MT,59101,Yellowstone,Townhouse,townhouse,residential,True,264900.0,266234.75282214145,1334.752822141454,0.503870450034524
0.09190354026262,0.083,4003.3182138397274,45.73700121791709,-108.57097061743205,2026,418.01,4.408532320911185,-1.4220356570134984,6.71,6.6725,6.582307692307693,0.20999999999999996,4.1,4.133333333333334,4.3,41.0,BILLINGS,MT,59101,Yellowstone,Improved Property,improved_property,improved_unknown,missing,335500.0,333800.9185115681,1699.081488431897,0.5064326344059306
0.27812095535665227,0.276,12114.948815335772,45.811552486421995,-108.39431300063701,2026,418.01,4.408532320911185,-1.4220356570134984,6.71,6.6725,6.582307692307693,0.20999999999999996,4.1,4.133333333333334,4.3,41.0,missing,missing,missing,Yellowstone,Improved Property,improved_property,improved_unknown,missing,66337.0,66673.870973211,336.8709732110001,0.5078176179371996
0.04615184172547731,0.059,2010.3742255617915,45.764989430587065,-108.58783005041158,2026,418.01,4.408532320911185,-1.4220356570134984,6.71,6.6725,6.582307692307693,0.20999999999999996,4.1,4.133333333333334,4.3,41.0,BILLINGS,MT,59102,Yellowstone,Townhouse,townhouse,residential,True,347000.0,348770.8662152187,1770.8662152186735,0.5103360850774276
0.3663354749600713,0.366,15957.573289260705,45.81893908184792,-108.48815499646633,2026,418.01,4.408532320911185,-1.4220356570134984,6.71,6.6725,6.582307692307693,0.20999999999999996,4.1,4.133333333333334,4.3,41.0,BILLINGS,MT,59105,Yellowstone,Improved Property,improved_property,improved_unknown,missing,427600.0,429786.24938201375,2186.249382013746,0.5112837656720641
0.03419279407324534,0.048,1489.4381098305669,45.743301666474544,-108.54682737454029,2026,418.01,4.408532320911185,-1.4220356570134984,6.71,6.6725,6.582307692307693,0.20999999999999996,4.1,4.133333333333334,4.3,41.0,BILLINGS,MT,59101,Yellowstone,Townhouse,townhouse,residential,True,274000.0,272586.7194608006,1413.2805391994189,0.5157958172260653
0.3445645618344883,0.322,15009.23231351031,45.83286589039956,-108.50280973402906,2026,418.01,4.408532320911185,-1.4220356570134984,6.71,6.6725,6.582307692307693,0.20999999999999996,4.1,4.133333333333334,4.3,41.0,BILLINGS,MT,59105,Yellowstone,Improved Property,improved_property,improved_unknown,missing,452700.0,450360.1440776873,2339.8559223127086,0.5168667820438941
0.011282534997661197,0.0,491.46722449812177,45.7608175424452,-108.599098522999,2026,418.01,4.408532320911185,-1.4220356570134984,6.71,6.6725,6.582307692307693,0.20999999999999996,4.1,4.133333333333334,4.3,41.0,BILLINGS,MT,59106,Yellowstone,Condominium,condominium,residential,True,206500.0,205429.8645117306,1070.135488269414,0.5182254180481424
239.6455049902482,240.0,10438958.197375212,46.03770209512193,-108.03870469226811,2026,418.01,4.408532320911185,-1.4220356570134984,6.71,6.6725,6.582307692307693,0.20999999999999996,4.1,4.133333333333334,4.3,41.0,missing,missing,missing,Yellowstone,Vacant Land,vacant_land,land,False,13969.0,13896.533147652874,72.4668523471264,0.5187690768639588
0.23362126423554141,0.203,10176.542270100184,45.80281797656784,-108.69471877891307,2026,418.01,4.408532320911185,-1.4220356570134984,6.71,6.6725,6.582307692307693,0.20999999999999996,4.1,4.133333333333334,4.3,41.0,BILLINGS,MT,59106,Yellowstone,Improved Property,improved_property,improved_unknown,missing,454800.0,452418.1344625022,2381.865537497797,0.5237171366529897
0.011347675740651028,0.0,494.30475526275876,45.76138445755902,-108.59939740239611,2026,418.01,4.408532320911185,-1.4220356570134984,6.71,6.6725,6.582307692307693,0.20999999999999996,4.1,4.133333333333334,4.3,41.0,BILLINGS,MT,59106,Yellowstone,Condominium,condominium,residential,True,203800.0,204867.6266884014,1067.6266884013894,0.5238600041223697
0.03236542502310033,0.0,1409.8379140062505,45.78040331911544,-108.54217382891925,2026,418.01,4.408532320911185,-1.4220356570134984,6.71,6.6725,6.582307692307693,0.20999999999999996,4.1,4.133333333333334,4.3,41.0,BILLINGS,MT,59102,Yellowstone,Condominium,condominium,residential,True,303000.0,301408.1844644029,1591.8155355970957,0.5253516619132329
0.22369266845655758,0.224,9744.052637967648,45.846342783743445,-108.44916621470132,2026,418.01,4.408532320911185,-1.4220356570134984,6.71,6.6725,6.582307692307693,0.20999999999999996,4.1,4.133333333333334,4.3,41.0,BILLINGS,MT,59105,Yellowstone,Improved Property,improved_property,improved_unknown,missing,388100.0,386057.90439542086,2042.095604579139,0.5261776873432463
0.22418002753225075,0.224,9765.281999304843,45.81967314656126,-108.45392647005106,2026,418.01,4.408532320911185,-1.4220356570134984,6.71,6.6725,6.582307692307693,0.20999999999999996,4.1,4.133333333333334,4.3,41.0,BILLINGS,MT,59105,Yellowstone,Improved Property,improved_property,improved_unknown,missing,343500.0,341688.2784139631,1811.7215860369033,0.5274298649306851
0.1376653415350938,0.138,5996.702277268686,45.77075488461359,-108.55679626590926,2026,418.01,4.408532320911185,-1.4220356570134984,6.71,6.6725,6.582307692307693,0.20999999999999996,4.1,4.133333333333334,4.3,41.0,BILLINGS,MT,59102,Yellowstone,Improved Property,improved_property,improved_unknown,missing,299800.0,298204.29454284435,1595.705457155651,0.5322566568230991
0.032929266976999105,0.0,1434.398869518081,45.81404193771061,-108.47344896312414,2026,418.01,4.408532320911185,-1.4220356570134984,6.71,6.6725,6.582307692307693,0.20999999999999996,4.1,4.133333333333334,4.3,41.0,BILLINGS,MT,59105,Yellowstone,Condominium,condominium,residential,True,241200.0,239913.48286439187,1286.5171356081264,0.5333818970182945
0.015757286970103396,0.0,686.3874204177039,45.791189777564554,-108.53377722127757,2026,418.01,4.408532320911185,-1.4220356570134984,6.71,6.6725,6.582307692307693,0.20999999999999996,4.1,4.133333333333334,4.3,41.0,BILLINGS,MT,59102,Yellowstone,Condominium,condominium,residential,True,259300.0,257915.66356861568,1384.3364313843194,0.533874443264296
0.00583335081933394,0.0,254.10076169018643,45.78148146826321,-108.5036813879324,2026,418.01,4.408532320911185,-1.4220356570134984,6.71,6.6725,6.582307692307693,0.20999999999999996,4.1,4.133333333333334,4.3,41.0,BILLINGS,MT,59101,Yellowstone,Condominium,condominium,residential,True,164700.0,165581.2761191628,881.2761191627942,0.5350796109063717
0.2571244135798526,0.257,11200.33945553838,45.71723184237243,-108.50007843673038,2026,418.01,4.408532320911185,-1.4220356570134984,6.71,6.6725,6.582307692307693,0.20999999999999996,4.1,4.133333333333334,4.3,41.0,BILLINGS,MT,59101,Yellowstone,Improved Property,improved_property,improved_unknown,missing,421000.0,423267.6318070554,2267.6318070553825,0.5386298829110172
0.24714080064181418,0.254,10765.453275957425,45.79315636418526,-108.599980558366,2026,418.01,4.408532320911185,-1.4220356570134984,6.71,6.6725,6.582307692307693,0.20999999999999996,4.1,4.133333333333334,4.3,41.0,BILLINGS,MT,59102,Yellowstone,Improved Property,improved_property,improved_unknown,missing,419800.0,417538.74350650946,2261.2564934905386,0.5386509036423389
0.5985155126267081,0.599,26071.335730019404,45.772148932147374,-108.6445237765071,2026,418.01,4.408532320911185,-1.4220356570134984,6.71,6.6725,6.582307692307693,0.20999999999999996,4.1,4.133333333333334,4.3,41.0,BILLINGS,MT,59106,Yellowstone,Improved Property,improved_property,improved_unknown,missing,546800.0,543851.4561928476,2948.543807152426,0.5392362485648182
0.157654930724512,0.167,6867.448782359743,45.772360850695,-108.55711516545597,2026,418.01,4.408532320911185,-1.4220356570134984,6.71,6.6725,6.582307692307693,0.20999999999999996,4.1,4.133333333333334,4.3,41.0,BILLINGS,MT,59102,Yellowstone,Improved Property,improved_property,improved_unknown,missing,303000.0,304637.40088652703,1637.4008865270298,0.5403963321871386
0.27464443979301545,0.273,11963.511797383753,45.79786977040735,-108.587405580069,2026,418.01,4.408532320911185,-1.4220356570134984,6.71,6.6725,6.582307692307693,0.20999999999999996,4.1,4.133333333333334,4.3,41.0,BILLINGS,MT,59102,Yellowstone,Improved Property,improved_property,improved_unknown,missing,406000.0,403805.8276042091,2194.172395790927,0.5404365506874205
0.22019204051030342,0.221,9591.565284628818,45.83711737160099,-108.52416966844422,2026,418.01,4.408532320911185,-1.4220356570134984,6.71,6.6725,6.582307692307693,0.20999999999999996,4.1,4.133333333333334,4.3,41.0,BILLINGS,MT,59105,Yellowstone,Improved Property,improved_property,improved_unknown,missing,401500.0,399323.96808879275,2176.0319112072466,0.5419755694164998
0.17319732428821974,0.174,7544.475445994852,45.781867831514106,-108.58335543776383,2026,418.01,4.408532320911185,-1.4220356570134984,6.71,6.6725,6.582307692307693,0.20999999999999996,4.1,4.133333333333334,4.3,41.0,BILLINGS,MT,59102,Yellowstone,Improved Property,improved_property,improved_unknown,missing,332400.0,330595.27868655673,1804.7213134432677,0.5429366165593464
0.1796741753058245,0.18,7826.607076321715,45.774372375039185,-108.5872630007623,2026,418.01,4.408532320911185,-1.4220356570134984,6.71,6.6725,6.582307692307693,0.20999999999999996,4.1,4.133333333333334,4.3,41.0,BILLINGS,MT,59102,Yellowstone,Improved Property,improved_property,improved_unknown,missing,335800.0,337625.4778164311,1825.4778164310846,0.5436205528383218
2.409691086448484,2.409,104966.14372569596,45.78458523737302,-108.69115455414261,2026,418.01,4.408532320911185,-1.4220356570134984,6.71,6.6725,6.582307692307693,0.20999999999999996,4.1,4.133333333333334,4.3,41.0,BILLINGS,MT,59106,Yellowstone,Improved Property,improved_property,improved_unknown,missing,565800.0,568887.2995937897,3087.299593789736,0.5456521021190767
0.2696078393264194,0.275,11744.117481058829,45.79777631850689,-108.55959448687614,2026,418.01,4.408532320911185,-1.4220356570134984,6.71,6.6725,6.582307692307693,0.20999999999999996,4.1,4.133333333333334,4.3,41.0,BILLINGS,MT,59102,Yellowstone,Townhouse,townhouse,residential,True,574900.0,571762.1179329363,3137.882067063707,0.5458135444535932
0.19700840984292078,0.197,8581.68633275763,45.767478340612044,-108.53925147841889,2026,418.01,4.408532320911185,-1.4220356570134984,6.71,6.6725,6.582307692307693,0.20999999999999996,4.1,4.133333333333334,4.3,41.0,BILLINGS,MT,59101,Yellowstone,Improved Property,improved_property,improved_unknown,missing,277900.0,279423.1941305802,1523.1941305801738,0.5481087191724267
0.03903275638867942,0.061,1700.2668682908754,45.74419355516688,-108.55539442007945,2026,418.01,4.408532320911185,-1.4220356570134984,6.71,6.6725,6.582307692307693,0.20999999999999996,4.1,4.133333333333334,4.3,41.0,BILLINGS,MT,59101,Yellowstone,Townhouse,townhouse,residential,True,311700.0,313415.74903256586,1715.7490325658582,0.5504488394500668
0.0336714761014784,0.046,1466.729498980399,45.74384301147868,-108.54800247962254,2026,418.01,4.408532320911185,-1.4220356570134984,6.71,6.6725,6.582307692307693,0.20999999999999996,4.1,4.133333333333334,4.3,41.0,BILLINGS,MT,59101,Yellowstone,Townhouse,townhouse,residential,True,268600.0,267121.2412050987,1478.7587949013105,0.5505431105366011
0.38566306353432644,0.386,16799.48304755526,45.833607769944855,-108.50174567163542,2026,418.01,4.408532320911185,-1.4220356570134984,6.71,6.6725,6.582307692307693,0.20999999999999996,4.1,4.133333333333334,4.3,41.0,BILLINGS,MT,59105,Yellowstone,Improved Property,improved_property,improved_unknown,missing,463100.0,465652.6523386557,2552.6523386557237,0.5512097470645052
0.03133926751647738,0.033,1365.1384930177546,45.74330324171469,-108.55053645560317,2026,418.01,4.408532320911185,-1.4220356570134984,6.71,6.6725,6.582307692307693,0.20999999999999996,4.1,4.133333333333334,4.3,41.0,BILLINGS,MT,59101,Yellowstone,Townhouse,townhouse,residential,True,264900.0,263437.83071511606,1462.1692848839448,0.5519702849694016
0.16069186648042597,0.161,6999.737703887355,45.79514627112126,-108.5126735713996,2026,418.01,4.408532320911185,-1.4220356570134984,6.71,6.6725,6.582307692307693,0.20999999999999996,4.1,4.133333333333334,4.3,41.0,BILLINGS,MT,59101,Yellowstone,Improved Property,improved_property,improved_unknown,missing,273600.0,275115.99870131834,1515.9987013183418,0.5540930925871131
0.17217715342838627,0.172,7500.036803340506,45.76281819231023,-108.52939976743163,2026,418.01,4.408532320911185,-1.4220356570134984,6.71,6.6725,6.582307692307693,0.20999999999999996,4.1,4.133333333333334,4.3,41.0,BILLINGS,MT,59101,Yellowstone,Improved Property,improved_property,improved_unknown,missing,281300.0,279740.3652017573,1559.6347982427105,0.554438250352901
0.21909292268456315,0.251,9543.68771213957,45.77354774772015,-108.57449327350587,2026,418.01,4.408532320911185,-1.4220356570134984,6.71,6.6725,6.582307692307693,0.20999999999999996,4.1,4.133333333333334,4.3,41.0,BILLINGS,MT,59102,Yellowstone,Improved Property,improved_property,improved_unknown,missing,360400.0,362400.1189241179,2000.11892411788,0.5549719545277136
1.1774770996985882,1.082,51290.9024628705,45.75885289501426,-108.71961578826473,2026,418.01,4.408532320911185,-1.4220356570134984,6.71,6.6725,6.582307692307693,0.20999999999999996,4.1,4.133333333333334,4.3,41.0,BILLINGS,MT,59106,Yellowstone,Improved Property,improved_property,improved_unknown,missing,461400.0,463966.7146396615,2566.7146396614844,0.5562883917775215
159.9888966330012,160.0,6969116.337333532,46.151917232984935,-107.96164058811503,2026,418.01,4.408532320911185,-1.4220356570134984,6.71,6.6725,6.582307692307693,0.20999999999999996,4.1,4.133333333333334,4.3,41.0,missing,missing,missing,Yellowstone,Vacant Land,vacant_land,land,False,10345.0,10402.847998895322,57.847998895322235,0.559188002854734
0.17217811317108062,0.172,7500.078609732272,45.792410347362285,-108.50356132676825,2026,418.01,4.408532320911185,-1.4220356570134984,6.71,6.6725,6.582307692307693,0.20999999999999996,4.1,4.133333333333334,4.3,41.0,BILLINGS,MT,59101,Yellowstone,Improved Property,improved_property,improved_unknown,missing,255500.0,254066.13225406638,1433.8677459336177,0.5612006833399678
0.16663344294174504,0.167,7258.552774542413,45.773906699800605,-108.58252273061726,2026,418.01,4.408532320911185,-1.4220356570134984,6.71,6.6725,6.582307692307693,0.20999999999999996,4.1,4.133333333333334,4.3,41.0,BILLINGS,MT,59102,Yellowstone,Improved Property,improved_property,improved_unknown,missing,333500.0,331625.8900893912,1874.1099106087931,0.561951997184046
0.35062795331677094,0.363,15273.353646478541,45.82173922467541,-108.4768189049734,2026,418.01,4.408532320911185,-1.4220356570134984,6.71,6.6725,6.582307692307693,0.20999999999999996,4.1,4.133333333333334,4.3,41.0,BILLINGS,MT,59105,Yellowstone,Improved Property,improved_property,improved_unknown,missing,346900.0,348860.4309261086,1960.4309261086164,0.5651285460099787
0.33787298856823295,0.339,14717.747382032227,45.81550555749922,-108.49262768074573,2026,418.01,4.408532320911185,-1.4220356570134984,6.71,6.6725,6.582307692307693,0.20999999999999996,4.1,4.133333333333334,4.3,41.0,BILLINGS,MT,59105,Yellowstone,Improved Property,improved_property,improved_unknown,missing,414100.0,416443.47373701807,2343.4737370180665,0.565919762622088
3.3137016848916447,3.38,144344.84539388004,45.706694288725984,-108.56004630963703,2026,418.01,4.408532320911185,-1.4220356570134984,6.71,6.6725,6.582307692307693,0.20999999999999996,4.1,4.133333333333334,4.3,41.0,BILLINGS,MT,59101,Yellowstone,Improved Property,improved_property,improved_unknown,missing,557400.0,560569.0059349923,3169.0059349923395,0.5685335369559275
0.4752761351241497,0.475,20703.02844600796,45.87674501540712,-108.3157367835073,2026,418.01,4.408532320911185,-1.4220356570134984,6.71,6.6725,6.582307692307693,0.20999999999999996,4.1,4.133333333333334,4.3,41.0,HUNTLEY,MT,59037,Yellowstone,Improved Property,improved_property,improved_unknown,missing,387800.0,390011.9349951893,2211.934995189309,0.5703803494557269
0.16449145384030656,0.161,7165.247729283754,45.77687277375118,-108.52477540893508,2026,418.01,4.408532320911185,-1.4220356570134984,6.71,6.6725,6.582307692307693,0.20999999999999996,4.1,4.133333333333334,4.3,41.0,BILLINGS,MT,59102,Yellowstone,Improved Property,improved_property,improved_unknown,missing,261400.0,262890.98640970513,1490.9864097051322,0.5703850075383061
0.011308331353558153,0.0,492.59091376099315,45.761205754275224,-108.59845463116322,2026,418.01,4.408532320911185,-1.4220356570134984,6.71,6.6725,6.582307692307693,0.20999999999999996,4.1,4.133333333333334,4.3,41.0,BILLINGS,MT,59106,Yellowstone,Condominium,condominium,residential,True,203400.0,204560.16918042887,1160.1691804288712,0.5703879943111461
0.04091932607162691,0.0,1782.4458436800683,45.8279997903367,-108.5137718462623,2026,418.01,4.408532320911185,-1.4220356570134984,6.71,6.6725,6.582307692307693,0.20999999999999996,4.1,4.133333333333334,4.3,41.0,BILLINGS,MT,59105,Yellowstone,Condominium,condominium,residential,True,298000.0,296298.65420240216,1701.345797597838,0.5709214085898785
0.4605227302221728,0.461,20060.370128477847,45.74949179667029,-108.68501740515933,2026,418.01,4.408532320911185,-1.4220356570134984,6.71,6.6725,6.582307692307693,0.20999999999999996,4.1,4.133333333333334,4.3,41.0,BILLINGS,MT,59106,Yellowstone,Improved Property,improved_property,improved_unknown,missing,577500.0,580811.0894949979,3311.0894949978683,0.5733488303026611
0.14270429262575107,0.143,6216.1989867777165,45.782810374157975,-108.66642240642184,2026,418.01,4.408532320911185,-1.4220356570134984,6.71,6.6725,6.582307692307693,0.20999999999999996,4.1,4.133333333333334,4.3,41.0,BILLINGS,MT,59106,Yellowstone,Improved Property,improved_property,improved_unknown,missing,419000.0,416596.0253282888,2403.974671711214,0.5737409717687861
0.21745444784403611,0.22,9472.315748086214,45.834015332664634,-108.50759382801007,2026,418.01,4.408532320911185,-1.4220356570134984,6.71,6.6725,6.582307692307693,0.20999999999999996,4.1,4.133333333333334,4.3,41.0,BILLINGS,MT,59105,Yellowstone,Improved Property,improved_property,improved_unknown,missing,391700.0,393959.64941516647,2259.6494151664665,0.5768826691770401
0.23656407625853193,0.236,10304.731161821652,45.79449748187528,-108.59348520193141,2026,418.01,4.408532320911185,-1.4220356570134984,6.71,6.6725,6.582307692307693,0.20999999999999996,4.1,4.133333333333334,4.3,41.0,BILLINGS,MT,59102,Yellowstone,Improved Property,improved_property,improved_unknown,missing,402000.0,399678.821751349,2321.1782486509765,0.5774075245400438
0.04424084929443784,0.0,1927.1313952657124,45.78527753895041,-108.57987196285646,2026,418.01,4.408532320911185,-1.4220356570134984,6.71,6.6725,6.582307692307693,0.20999999999999996,4.1,4.133333333333334,4.3,41.0,BILLINGS,MT,59102,Yellowstone,Condominium,condominium,residential,True,359400.0,361475.7774715137,2075.7774715137202,0.5775674656409906
0.19104623544751506,0.193,8321.974016093756,45.809900428717405,-108.4861547291683,2026,418.01,4.408532320911185,-1.4220356570134984,6.71,6.6725,6.582307692307693,0.20999999999999996,4.1,4.133333333333334,4.3,41.0,BILLINGS,MT,59105,Yellowstone,Improved Property,improved_property,improved_unknown,missing,353800.0,351751.16583791486,2048.8341620851425,0.5790938841393845
0.46713250879315676,0.468,20348.292083029908,45.7937725676885,-108.50536168646222,2026,418.01,4.408532320911185,-1.4220356570134984,6.71,6.6725,6.582307692307693,0.20999999999999996,4.1,4.133333333333334,4.3,41.0,BILLINGS,MT,59101,Yellowstone,Improved Property,improved_property,improved_unknown,missing,374600.0,372428.09310318716,2171.9068968128413,0.5797936190103687
0.7692374481381367,0.768,33507.983240897236,45.75796068912529,-108.71867050666825,2026,418.01,4.408532320911185,-1.4220356570134984,6.71,6.6725,6.582307692307693,0.20999999999999996,4.1,4.133333333333334,4.3,41.0,BILLINGS,MT,59106,Yellowstone,Improved Property,improved_property,improved_unknown,missing,461400.0,464076.75084264996,2676.7508426499553,0.5801367235912344
0.3549705461071665,0.349,15462.516988428173,45.806779340212024,-108.65813021842172,2026,418.01,4.408532320911185,-1.4220356570134984,6.71,6.6725,6.582307692307693,0.20999999999999996,4.1,4.133333333333334,4.3,41.0,BILLINGS,MT,59106,Yellowstone,Improved Property,improved_property,improved_unknown,missing,567500.0,564191.8552728578,3308.1447271421785,0.5829329915669037
0.0717473122943631,0.072,3125.3129235424567,45.762882176088915,-108.51405632101867,2026,418.01,4.408532320911185,-1.4220356570134984,6.71,6.6725,6.582307692307693,0.20999999999999996,4.1,4.133333333333334,4.3,41.0,BILLINGS,MT,59101,Yellowstone,Townhouse,townhouse,residential,True,185900.0,184811.4756908102,1088.5243091897864,0.5855429312478679
2.90606608044813,3.0,126588.23846432054,45.66897000424307,-108.85269150131217,2026,418.01,4.408532320911185,-1.4220356570134984,6.71,6.6725,6.582307692307693,0.20999999999999996,4.1,4.133333333333334,4.3,41.0,LAUREL,MT,59044,Yellowstone,Improved Property,improved_property,improved_unknown,missing,434900.0,432341.00838637794,2558.9916136220563,0.5884092006488978
0.15150849795063182,0.152,6599.710170729521,45.792431877251445,-108.54980946420757,2026,418.01,4.408532320911185,-1.4220356570134984,6.71,6.6725,6.582307692307693,0.20999999999999996,4.1,4.133333333333334,4.3,41.0,BILLINGS,MT,59102,Yellowstone,Improved Property,improved_property,improved_unknown,missing,300000.0,298234.73767590796,1765.2623240920366,0.5884207746973455
0.48467549353860945,0.485,21112.464498541827,45.81311487591213,-108.40016557661055,2026,418.01,4.408532320911185,-1.4220356570134984,6.71,6.6725,6.582307692307693,0.20999999999999996,4.1,4.133333333333334,4.3,41.0,BILLINGS,MT,59101,Yellowstone,Improved Property,improved_property,improved_unknown,missing,383900.0,386159.185290775,2259.185290775029,0.5884827535230605
0.1727048065870333,0.174,7523.021374931171,45.8290254648982,-108.48502768922565,2026,418.01,4.408532320911185,-1.4220356570134984,6.71,6.6725,6.582307692307693,0.20999999999999996,4.1,4.133333333333334,4.3,41.0,BILLINGS,MT,59105,Yellowstone,Improved Property,improved_property,improved_unknown,missing,345400.0,347433.87259963865,2033.8725996386493,0.5888455702485956
0.6036527591338353,0.597,26295.114187869865,45.737335445906595,-108.56143636937556,2026,418.01,4.408532320911185,-1.4220356570134984,6.71,6.6725,6.582307692307693,0.20999999999999996,4.1,4.133333333333334,4.3,41.0,missing,missing,missing,Yellowstone,Improved Property,improved_property,improved_unknown,missing,143192.0,144036.69639808577,844.696398085769,0.5899047419449194
0.17434107973484053,0.174,7594.297433249653,45.776420803557066,-108.59373817928139,2026,418.01,4.408532320911185,-1.4220356570134984,6.71,6.6725,6.582307692307693,0.20999999999999996,4.1,4.133333333333334,4.3,41.0,BILLINGS,MT,59102,Yellowstone,Improved Property,improved_property,improved_unknown,missing,349100.0,347038.8789963614,2061.1210036386037,0.5904099122425104
0.04841254167201262,0.0,2108.85031523287,45.8310825804093,-108.50585855690399,2026,418.01,4.408532320911185,-1.4220356570134984,6.71,6.6725,6.582307692307693,0.20999999999999996,4.1,4.133333333333334,4.3,41.0,BILLINGS,MT,59105,Yellowstone,Condominium,condominium,residential,True,351400.0,349321.6144516233,2078.385548376711,0.5914586079615
0.10560381655507566,0.106,4600.102249139096,45.73443645354253,-108.57032139277408,2026,418.01,4.408532320911185,-1.4220356570134984,6.71,6.6725,6.582307692307693,0.20999999999999996,4.1,4.133333333333334,4.3,41.0,BILLINGS,MT,59101,Yellowstone,Improved Property,improved_property,improved_unknown,missing,378800.0,381042.70189664187,2242.701896641869,0.5920543549740942
0.2509726262033998,0.252,10932.367597420094,45.796366018813806,-108.58149194785612,2026,418.01,4.408532320911185,-1.4220356570134984,6.71,6.6725,6.582307692307693,0.20999999999999996,4.1,4.133333333333334,4.3,41.0,BILLINGS,MT,59102,Yellowstone,Improved Property,improved_property,improved_unknown,missing,417400.0,414917.1775989635,2482.8224010365084,0.5948304746134424
0.16246232264702357,0.163,7076.858774504347,45.76780708481854,-108.56958125616445,2026,418.01,4.408532320911185,-1.4220356570134984,6.71,6.6725,6.582307692307693,0.20999999999999996,4.1,4.133333333333334,4.3,41.0,BILLINGS,MT,59102,Yellowstone,Improved Property,improved_property,improved_unknown,missing,326400.0,328343.2421963698,1943.2421963697998,0.5953560650642769
0.25213941172595605,0.248,10983.192774782645,45.7828699112459,-108.71466016959279,2026,418.01,4.408532320911185,-1.4220356570134984,6.71,6.6725,6.582307692307693,0.20999999999999996,4.1,4.133333333333334,4.3,41.0,BILLINGS,MT,59106,Yellowstone,Vacant Land,vacant_land,land,False,26765.0,26924.64417268433,159.64417268432953,0.5964661785328956
0.18542266321817466,0.179,8077.011209783688,45.76400242235727,-108.57277858154534,2026,418.01,4.408532320911185,-1.4220356570134984,6.71,6.6725,6.582307692307693,0.20999999999999996,4.1,4.133333333333334,4.3,41.0,BILLINGS,MT,59102,Yellowstone,Improved Property,improved_property,improved_unknown,missing,334300.0,336307.29717078444,2007.2971707844408,0.600447852463189
0.16110033481253078,0.161,7017.530584433841,45.785240351113785,-108.53431035941297,2026,418.01,4.408532320911185,-1.4220356570134984,6.71,6.6725,6.582307692307693,0.20999999999999996,4.1,4.133333333333334,4.3,41.0,BILLINGS,MT,59102,Yellowstone,Improved Property,improved_property,improved_unknown,missing,301300.0,299489.28437232104,1810.715627678961,0.600967682601713
0.2204067346171756,0.22,9600.91735992417,45.82098828423803,-108.49826646052934,2026,418.01,4.408532320911185,-1.4220356570134984,6.71,6.6725,6.582307692307693,0.20999999999999996,4.1,4.133333333333334,4.3,41.0,BILLINGS,MT,59105,Yellowstone,Improved Property,improved_property,improved_unknown,missing,363500.0,365691.02307885763,2191.02307885763,0.6027573807036121
0.03402838255550587,0.047,1482.2763441178358,45.81091470446492,-108.47485881498716,2026,418.01,4.408532320911185,-1.4220356570134984,6.71,6.6725,6.582307692307693,0.20999999999999996,4.1,4.133333333333334,4.3,41.0,BILLINGS,MT,59105,Yellowstone,Townhouse,townhouse,residential,True,296500.0,298295.5458414224,1795.5458414223976,0.6055803849653955
0.041988063040324174,0.0,1829.000026036521,45.75229087667854,-108.60409243121322,2026,418.01,4.408532320911185,-1.4220356570134984,6.71,6.6725,6.582307692307693,0.20999999999999996,4.1,4.133333333333334,4.3,41.0,BILLINGS,MT,59102,Yellowstone,Improved Property,improved_property,improved_unknown,missing,95700.0,96280.74180349699,580.7418034969887,0.6068357403312317
0.15145590447737148,0.152,6597.4191990343015,45.775545905185936,-108.58383682279617,2026,418.01,4.408532320911185,-1.4220356570134984,6.71,6.6725,6.582307692307693,0.20999999999999996,4.1,4.133333333333334,4.3,41.0,BILLINGS,MT,59102,Yellowstone,Improved Property,improved_property,improved_unknown,missing,327700.0,325708.6485799198,1991.3514200801728,0.6076751358193997
0.07740219114898927,0.079,3371.6394464499726,45.82384952672544,-108.49485007313389,2026,418.01,4.408532320911185,-1.4220356570134984,6.71,6.6725,6.582307692307693,0.20999999999999996,4.1,4.133333333333334,4.3,41.0,BILLINGS,MT,59105,Yellowstone,Townhouse,townhouse,residential,True,227800.0,226415.0032250305,1384.996774969506,0.6079880487135673
0.18961960643281603,0.19,8259.830056213466,45.78974315982284,-108.5575555207614,2026,418.01,4.408532320911185,-1.4220356570134984,6.71,6.6725,6.582307692307693,0.20999999999999996,4.1,4.133333333333334,4.3,41.0,BILLINGS,MT,59102,Yellowstone,Improved Property,improved_property,improved_unknown,missing,321500.0,319536.6711663467,1963.3288336533005,0.6106777087568587
2.1563095424943537,2.802,93928.84367105404,45.789930679912246,-108.68992472918433,2026,418.01,4.408532320911185,-1.4220356570134984,6.71,6.6725,6.582307692307693,0.20999999999999996,4.1,4.133333333333334,4.3,41.0,BILLINGS,MT,59106,Yellowstone,Improved Property,improved_property,improved_unknown,missing,627200.0,623368.9312122716,3831.0687877284363,0.6108209164107838
0.16049901438930295,0.161,6991.337066798036,45.770440686053355,-108.49376535007912,2026,418.01,4.408532320911185,-1.4220356570134984,6.71,6.6725,6.582307692307693,0.20999999999999996,4.1,4.133333333333334,4.3,41.0,BILLINGS,MT,59101,Yellowstone,Improved Property,improved_property,improved_unknown,missing,220900.0,219549.15515383153,1350.8448461684748,0.6115187171428134
0.18595567138024646,0.186,8100.2290453235355,45.79612731025577,-108.60120228018661,2026,418.01,4.408532320911185,-1.4220356570134984,6.71,6.6725,6.582307692307693,0.20999999999999996,4.1,4.133333333333334,4.3,41.0,BILLINGS,MT,59102,Yellowstone,Improved Property,improved_property,improved_unknown,missing,330100.0,332119.88557468407,2019.885574684071,0.6119011132032932
0.041565770158781906,0.0,1810.6049481165398,45.795312902969904,-108.60339874668992,2026,418.01,4.408532320911185,-1.4220356570134984,6.71,6.6725,6.582307692307693,0.20999999999999996,4.1,4.133333333333334,4.3,41.0,BILLINGS,MT,59102,Yellowstone,Condominium,condominium,residential,True,345700.0,343583.5341793662,2116.4658206338063,0.6122261558096055
1.1567185676997647,1.007,50386.66080900175,45.69388809544125,-108.72543753631216,2026,418.01,4.408532320911185,-1.4220356570134984,6.71,6.6725,6.582307692307693,0.20999999999999996,4.1,4.133333333333334,4.3,41.0,LAUREL,MT,59044,Yellowstone,Improved Property,improved_property,improved_unknown,missing,534500.0,531212.6211281852,3287.3788718148135,0.6150381425284964
1.4758248468553732,1.48,64286.930329020055,45.800931165157905,-108.44334984348079,2026,418.01,4.408532320911185,-1.4220356570134984,6.71,6.6725,6.582307692307693,0.20999999999999996,4.1,4.133333333333334,4.3,41.0,BILLINGS,MT,59101,Yellowstone,Improved Property,improved_property,improved_unknown,missing,458700.0,461527.10162380285,2827.1016238028533,0.6163291091787341
0.03713712046448118,0.051,1617.6929674328,45.763580384160214,-108.59502336191554,2026,418.01,4.408532320911185,-1.4220356570134984,6.71,6.6725,6.582307692307693,0.20999999999999996,4.1,4.133333333333334,4.3,41.0,BILLINGS,MT,59102,Yellowstone,Townhouse,townhouse,residential,True,318500.0,320471.67407619057,1971.6740761905676,0.6190499454287496
0.7205079098187714,0.72,31385.324551705686,45.76768641592709,-108.70718020870812,2026,418.01,4.408532320911185,-1.4220356570134984,6.71,6.6725,6.582307692307693,0.20999999999999996,4.1,4.133333333333334,4.3,41.0,BILLINGS,MT,59106,Yellowstone,Improved Property,improved_property,improved_unknown,missing,458500.0,461338.9124841672,2838.912484167202,0.6191739332970996
0.2535004133770351,0.248,11042.47800670365,45.781970212068174,-108.70617581854538,2026,418.01,4.408532320911185,-1.4220356570134984,6.71,6.6725,6.582307692307693,0.20999999999999996,4.1,4.133333333333334,4.3,41.0,BILLINGS,MT,59106,Yellowstone,Vacant Land,vacant_land,land,False,26765.0,26930.736186363563,165.73618636356332,0.6192272982012453
0.19548501766308418,0.195,8515.327369403947,45.82549809409199,-108.48952385071485,2026,418.01,4.408532320911185,-1.4220356570134984,6.71,6.6725,6.582307692307693,0.20999999999999996,4.1,4.133333333333334,4.3,41.0,BILLINGS,MT,59105,Yellowstone,Improved Property,improved_property,improved_unknown,missing,349800.0,351992.09645738715,2192.096457387146,0.6266713714657365
0.011039230401119432,0.0,480.86887627276246,45.7610462669273,-108.59927792255016,2026,418.01,4.408532320911185,-1.4220356570134984,6.71,6.6725,6.582307692307693,0.20999999999999996,4.1,4.133333333333334,4.3,41.0,BILLINGS,MT,59106,Yellowstone,Condominium,condominium,residential,True,206200.0,204900.863514091,1299.1364859089954,0.630037093069348
474.5603921364847,478.0,20671850.681465276,45.9350080023181,-108.47953409117417,2026,418.01,4.408532320911185,-1.4220356570134984,6.71,6.6725,6.582307692307693,0.20999999999999996,4.1,4.133333333333334,4.3,41.0,BILLINGS,MT,59105,Yellowstone,Improved Property,improved_property,improved_unknown,missing,293864.0,292009.5249982602,1854.4750017398037,0.6310657316785327
0.04242175699584158,0.0,1847.8917347388592,45.83076167959813,-108.50156121926159,2026,418.01,4.408532320911185,-1.4220356570134984,6.71,6.6725,6.582307692307693,0.20999999999999996,4.1,4.133333333333334,4.3,41.0,BILLINGS,MT,59105,Yellowstone,Condominium,condominium,residential,True,324100.0,322046.3533431409,2053.646656859084,0.6336459910086653
0.408151445776521,0.408,17779.076978025256,45.7946774426595,-108.56827379153349,2026,418.01,4.408532320911185,-1.4220356570134984,6.71,6.6725,6.582307692307693,0.20999999999999996,4.1,4.133333333333334,4.3,41.0,BILLINGS,MT,59102,Yellowstone,Improved Property,improved_property,improved_unknown,missing,440800.0,443594.54034232267,2794.540342322667,0.6339701321058682
0.23967528253613282,0.24,10440.255307273947,45.78986188192459,-108.59803318486496,2026,418.01,4.408532320911185,-1.4220356570134984,6.71,6.6725,6.582307692307693,0.20999999999999996,4.1,4.133333333333334,4.3,41.0,BILLINGS,MT,59102,Yellowstone,Improved Property,improved_property,improved_unknown,missing,405500.0,402921.6833503207,2578.3166496793274,0.6358364117581572
0.15150800138128398,0.152,6599.6885401687305,45.792432108184855,-108.55028006378603,2026,418.01,4.408532320911185,-1.4220356570134984,6.71,6.6725,6.582307692307693,0.20999999999999996,4.1,4.133333333333334,4.3,41.0,BILLINGS,MT,59102,Yellowstone,Improved Property,improved_property,improved_unknown,missing,302400.0,300476.91762635455,1923.0823736454477,0.6359399383748174
0.2298049936823662,0.23,10010.305524803873,45.80672618026687,-108.50796673125392,2026,418.01,4.408532320911185,-1.4220356570134984,6.71,6.6725,6.582307692307693,0.20999999999999996,4.1,4.133333333333334,4.3,41.0,BILLINGS,MT,59105,Yellowstone,Improved Property,improved_property,improved_unknown,missing,381800.0,379371.8825908723,2428.117409127706,0.6359657959999231
7.322473507882402,7.634,318966.9460033575,45.65439782843403,-108.70298913488071,2026,418.01,4.408532320911185,-1.4220356570134984,6.71,6.6725,6.582307692307693,0.20999999999999996,4.1,4.133333333333334,4.3,41.0,LAUREL,MT,59044,Yellowstone,Improved Property,improved_property,improved_unknown,missing,594500.0,590707.0226301264,3792.9773698735517,0.6380113321906731
0.02311335735960613,0.0,1006.817846584443,45.75908344999612,-108.6153602639843,2026,418.01,4.408532320911185,-1.4220356570134984,6.71,6.6725,6.582307692307693,0.20999999999999996,4.1,4.133333333333334,4.3,41.0,BILLINGS,MT,59102,Yellowstone,Condominium,condominium,residential,True,257000.0,255358.45168314117,1641.5483168588253,0.6387347536415663
0.08012340200918136,0.083,3490.17539151994,45.79368651986152,-108.55781860035695,2026,418.01,4.408532320911185,-1.4220356570134984,6.71,6.6725,6.582307692307693,0.20999999999999996,4.1,4.133333333333334,4.3,41.0,BILLINGS,MT,59102,Yellowstone,Townhouse,townhouse,residential,True,411600.0,408966.02275132475,2633.977248675248,0.6399361634293605
0.27326450960886,0.273,11903.402038561942,45.76166284765012,-108.59617631303183,2026,418.01,4.408532320911185,-1.4220356570134984,6.71,6.6725,6.582307692307693,0.20999999999999996,4.1,4.133333333333334,4.3,41.0,BILLINGS,MT,59102,Yellowstone,Improved Property,improved_property,improved_unknown,missing,373700.0,376098.7236671265,2398.723667126498,0.6418848453643292
0.17218802622662305,0.172,7500.5104224317,45.763722175558584,-108.5210931362302,2026,418.01,4.408532320911185,-1.4220356570134984,6.71,6.6725,6.582307692307693,0.20999999999999996,4.1,4.133333333333334,4.3,41.0,BILLINGS,MT,59101,Yellowstone,Improved Property,improved_property,improved_unknown,missing,277100.0,278882.5299241884,1782.5299241883913,0.6432803768272795
0.2712402378800952,0.272,11815.224762056947,45.817250957245506,-108.59537200272678,2026,418.01,4.408532320911185,-1.4220356570134984,6.71,6.6725,6.582307692307693,0.20999999999999996,4.1,4.133333333333334,4.3,41.0,BILLINGS,MT,59106,Yellowstone,Improved Property,improved_property,improved_unknown,missing,514600.0,517918.29117938643,3318.291179386433,0.6448292225780088
0.03399393636329245,0.163,1480.775867985019,45.82452729190368,-108.45948496509985,2026,418.01,4.408532320911185,-1.4220356570134984,6.71,6.6725,6.582307692307693,0.20999999999999996,4.1,4.133333333333334,4.3,41.0,BILLINGS,MT,59105,Yellowstone,Townhouse,townhouse,residential,True,294300.0,296200.94204283133,1900.9420428313315,0.6459198242716043
0.4957784356742902,0.496,21596.10865797208,45.774072561710696,-108.6107496249902,2026,418.01,4.408532320911185,-1.4220356570134984,6.71,6.6725,6.582307692307693,0.20999999999999996,4.1,4.133333333333334,4.3,41.0,BILLINGS,MT,59102,Yellowstone,Improved Property,improved_property,improved_unknown,missing,438000.0,440831.2055392952,2831.205539295217,0.6463939587432003
0.09756693163615046,0.098,4250.015542070714,45.777691853614705,-108.53612157891617,2026,418.01,4.408532320911185,-1.4220356570134984,6.71,6.6725,6.582307692307693,0.20999999999999996,4.1,4.133333333333334,4.3,41.0,BILLINGS,MT,59102,Yellowstone,Improved Property,improved_property,improved_unknown,missing,255900.0,257562.3321126099,1662.3321126099036,0.6496022323602593
0.2028949118574166,0.202,8838.102360509067,45.78044976820174,-108.58017590763305,2026,418.01,4.408532320911185,-1.4220356570134984,6.71,6.6725,6.582307692307693,0.20999999999999996,4.1,4.133333333333334,4.3,41.0,BILLINGS,MT,59102,Yellowstone,Improved Property,improved_property,improved_unknown,missing,336900.0,339096.01678747317,2196.0167874731706,0.6518304504224312
0.17077335865064763,0.161,7438.887502822211,45.780813056266,-108.52412878372701,2026,418.01,4.408532320911185,-1.4220356570134984,6.71,6.6725,6.582307692307693,0.20999999999999996,4.1,4.133333333333334,4.3,41.0,BILLINGS,MT,59101,Yellowstone,Improved Property,improved_property,improved_unknown,missing,304300.0,302312.9335917266,1987.0664082734147,0.6529958620681613
0.17917916334381115,0.179,7805.044355256414,45.77520253609654,-108.59070085614923,2026,418.01,4.408532320911185,-1.4220356570134984,6.71,6.6725,6.582307692307693,0.20999999999999996,4.1,4.133333333333334,4.3,41.0,BILLINGS,MT,59102,Yellowstone,Improved Property,improved_property,improved_unknown,missing,337400.0,339611.8386586944,2211.8386586944107,0.6555538407511591
0.15050451461043096,0.151,6555.976656430373,45.756726349017086,-108.5280095471827,2026,418.01,4.408532320911185,-1.4220356570134984,6.71,6.6725,6.582307692307693,0.20999999999999996,4.1,4.133333333333334,4.3,41.0,BILLINGS,MT,59101,Yellowstone,Improved Property,improved_property,improved_unknown,missing,266300.0,268048.6534586597,1748.6534586597118,0.6566479379120209
0.3263313462307597,0.326,14214.993441811894,45.800301617937826,-108.52963234324844,2026,418.01,4.408532320911185,-1.4220356570134984,6.71,6.6725,6.582307692307693,0.20999999999999996,4.1,4.133333333333334,4.3,41.0,BILLINGS,MT,59102,Yellowstone,Improved Property,improved_property,improved_unknown,missing,452400.0,449412.5100907712,2987.4899092288106,0.6603647014210456
0.11919873066139587,0.119,5192.296707610404,45.75594299193338,-108.52112410780872,2026,418.01,4.408532320911185,-1.4220356570134984,6.71,6.6725,6.582307692307693,0.20999999999999996,4.1,4.133333333333334,4.3,41.0,BILLINGS,MT,59101,Yellowstone,Improved Property,improved_property,improved_unknown,missing,262600.0,264338.9137506428,1738.9137506427942,0.662191070313326
0.49464290585936205,0.494,21546.64497923381,45.72170809110562,-108.69813893818976,2026,418.01,4.408532320911185,-1.4220356570134984,6.71,6.6725,6.582307692307693,0.20999999999999996,4.1,4.133333333333334,4.3,41.0,BILLINGS,MT,59106,Yellowstone,Improved Property,improved_property,improved_unknown,missing,523200.0,526668.3456607924,3468.345660792431,0.6629101033624677
0.0386024182592487,0.038,1681.5213393728734,45.799256689714454,-108.6808538763201,2026,418.01,4.408532320911185,-1.4220356570134984,6.71,6.6725,6.582307692307693,0.20999999999999996,4.1,4.133333333333334,4.3,41.0,BILLINGS,MT,59106,Yellowstone,Townhouse,townhouse,residential,True,318300.0,320411.14978756837,2111.149787568371,0.6632578660283917
0.14348678597695894,0.143,6250.284397156332,45.76010994254656,-108.51669949121309,2026,418.01,4.408532320911185,-1.4220356570134984,6.71,6.6725,6.582307692307693,0.20999999999999996,4.1,4.133333333333334,4.3,41.0,BILLINGS,MT,59101,Yellowstone,Improved Property,improved_property,improved_unknown,missing,225000.0,226493.31366156595,1493.313661565946,0.663694960695976
0.24957829304936907,0.241,10871.630445230518,45.67961762629137,-108.77857919491998,2026,418.01,4.408532320911185,-1.4220356570134984,6.71,6.6725,6.582307692307693,0.20999999999999996,4.1,4.133333333333334,4.3,41.0,LAUREL,MT,59044,Yellowstone,Improved Property,improved_property,improved_unknown,missing,332400.0,334609.1632360257,2209.163236025721,0.664609878467425
0.00973987056901925,0.0,424.2687619864785,45.78321152084372,-108.58744619231041,2026,418.01,4.408532320911185,-1.4220356570134984,6.71,6.6725,6.582307692307693,0.20999999999999996,4.1,4.133333333333334,4.3,41.0,BILLINGS,MT,59102,Yellowstone,Condominium,condominium,residential,True,207800.0,209184.4201593381,1384.4201593381003,0.6662272181607798
0.20464441139822184,0.205,8914.310560506543,45.796991664202174,-108.5815092897823,2026,418.01,4.408532320911185,-1.4220356570134984,6.71,6.6725,6.582307692307693,0.20999999999999996,4.1,4.133333333333334,4.3,41.0,BILLINGS,MT,59102,Yellowstone,Improved Property,improved_property,improved_unknown,missing,360400.0,362812.8130590937,2412.8130590937217,0.669481980880611
0.20072561122257662,0.201,8743.607624855438,45.78347213888394,-108.58973587421397,2026,418.01,4.408532320911185,-1.4220356570134984,6.71,6.6725,6.582307692307693,0.20999999999999996,4.1,4.133333333333334,4.3,41.0,BILLINGS,MT,59102,Yellowstone,Improved Property,improved_property,improved_unknown,missing,342200.0,339909.02821749425,2290.971782505745,0.6694832795165824
0.9879716053408963,0.998,43036.04312864944,45.75030971321251,-108.73207729421365,2026,418.01,4.408532320911185,-1.4220356570134984,6.71,6.6725,6.582307692307693,0.20999999999999996,4.1,4.133333333333334,4.3,41.0,BILLINGS,MT,59106,Yellowstone,Improved Property,improved_property,improved_unknown,missing,498200.0,501541.80149796465,3341.801497964654,0.6707750899166307
0.1719063677809167,0.172,7488.241380536731,45.77221274891332,-108.55036370689815,2026,418.01,4.408532320911185,-1.4220356570134984,6.71,6.6725,6.582307692307693,0.20999999999999996,4.1,4.133333333333334,4.3,41.0,BILLINGS,MT,59102,Yellowstone,Improved Property,improved_property,improved_unknown,missing,320600.0,318447.4273856255,2152.5726143745123,0.671420029436841
0.14919571388867364,0.149,6498.965296990624,45.77785166089139,-108.66111791241245,2026,418.01,4.408532320911185,-1.4220356570134984,6.71,6.6725,6.582307692307693,0.20999999999999996,4.1,4.133333333333334,4.3,41.0,BILLINGS,MT,59106,Yellowstone,Improved Property,improved_property,improved_unknown,missing,438400.0,435435.7327164416,2964.26728355838,0.6761558584759078
0.1548689192576921,0.168,6746.090122865068,45.76092245316549,-108.60073994865868,2026,418.01,4.408532320911185,-1.4220356570134984,6.71,6.6725,6.582307692307693,0.20999999999999996,4.1,4.133333333333334,4.3,41.0,BILLINGS,MT,59102,Yellowstone,Improved Property,improved_property,improved_unknown,missing,339200.0,341497.43877811986,2297.43877811986,0.6773109605306191
0.2605740977789122,0.248,11350.607699249416,45.78196303690007,-108.71649538799147,2026,418.01,4.408532320911185,-1.4220356570134984,6.71,6.6725,6.582307692307693,0.20999999999999996,4.1,4.133333333333334,4.3,41.0,BILLINGS,MT,59106,Yellowstone,Vacant Land,vacant_land,land,False,26765.0,26946.359746320675,181.35974632067519,0.6776003972377179
0.30461645093070927,0.305,13269.092602541696,45.823641329222724,-108.4601160246223,2026,418.01,4.408532320911185,-1.4220356570134984,6.71,6.6725,6.582307692307693,0.20999999999999996,4.1,4.133333333333334,4.3,41.0,BILLINGS,MT,59105,Yellowstone,Improved Property,improved_property,improved_unknown,missing,329300.0,331532.85536432103,2232.8553643210325,0.6780611492016497
0.22717107864004732,0.227,9895.57218556046,45.834433708503745,-108.51414223303081,2026,418.01,4.408532320911185,-1.4220356570134984,6.71,6.6725,6.582307692307693,0.20999999999999996,4.1,4.133333333333334,4.3,41.0,BILLINGS,MT,59105,Yellowstone,Improved Property,improved_property,improved_unknown,missing,413600.0,410795.02229079115,2804.977709208848,0.6781860999054274
643.0674551008998,640.0,28012018.344195195,46.05076980484866,-107.64297022261702,2026,418.01,4.408532320911185,-1.4220356570134984,6.71,6.6725,6.582307692307693,0.20999999999999996,4.1,4.133333333333334,4.3,41.0,missing,missing,missing,Yellowstone,Vacant Land,vacant_land,land,False,27309.0,27123.377821176477,185.62217882352343,0.6797106405343419
0.22543170257217063,0.225,9819.804964043753,45.786506696555975,-108.6135822487043,2026,418.01,4.408532320911185,-1.4220356570134984,6.71,6.6725,6.582307692307693,0.20999999999999996,4.1,4.133333333333334,4.3,41.0,BILLINGS,MT,59102,Yellowstone,Improved Property,improved_property,improved_unknown,missing,441100.0,438092.62242293474,3007.3775770652574,0.6817904278089452
0.37872239154175696,0.379,16497.147375558932,45.83372693771165,-108.47828549971473,2026,418.01,4.408532320911185,-1.4220356570134984,6.71,6.6725,6.582307692307693,0.20999999999999996,4.1,4.133333333333334,4.3,41.0,BILLINGS,MT,59105,Yellowstone,Improved Property,improved_property,improved_unknown,missing,358200.0,360647.9321100329,2447.9321100328816,0.6833981323374879
0.04105627618858673,0.0,1788.411390774838,45.80443975119332,-108.50357451248303,2026,418.01,4.408532320911185,-1.4220356570134984,6.71,6.6725,6.582307692307693,0.20999999999999996,4.1,4.133333333333334,4.3,41.0,BILLINGS,MT,59105,Yellowstone,Condominium,condominium,residential,True,330300.0,332560.1742384797,2260.174238479696,0.6842792123765353
0.17248056048213267,0.172,7513.253214601699,45.76332662420289,-108.52893049604566,2026,418.01,4.408532320911185,-1.4220356570134984,6.71,6.6725,6.582307692307693,0.20999999999999996,4.1,4.133333333333334,4.3,41.0,BILLINGS,MT,59101,Yellowstone,Improved Property,improved_property,improved_unknown,missing,276900.0,278796.75907500903,1896.7590750090312,0.6849978602416148
0.1602038905065824,0.161,6978.48147046673,45.78631154000263,-108.5209832260213,2026,418.01,4.408532320911185,-1.4220356570134984,6.71,6.6725,6.582307692307693,0.20999999999999996,4.1,4.133333333333334,4.3,41.0,BILLINGS,MT,59101,Yellowstone,Improved Property,improved_property,improved_unknown,missing,297800.0,295759.05930889957,2040.9406911004335,0.6853393858631408
0.2165430839071557,0.217,9432.616734995703,45.79179064221982,-108.5744779181825,2026,418.01,4.408532320911185,-1.4220356570134984,6.71,6.6725,6.582307692307693,0.20999999999999996,4.1,4.133333333333334,4.3,41.0,BILLINGS,MT,59102,Yellowstone,Improved Property,improved_property,improved_unknown,missing,355100.0,357540.6884157933,2440.6884157932946,0.6873242511386355
0.22373267164288277,0.225,9745.795176763973,45.79565550821656,-108.57245075845113,2026,418.01,4.408532320911185,-1.4220356570134984,6.71,6.6725,6.582307692307693,0.20999999999999996,4.1,4.133333333333334,4.3,41.0,BILLINGS,MT,59102,Yellowstone,Improved Property,improved_property,improved_unknown,missing,384900.0,382248.0978476986,2651.9021523013944,0.6889847109122874
0.1720896156349534,0.172,7496.22365705857,45.77812519507527,-108.59085682683036,2026,418.01,4.408532320911185,-1.4220356570134984,6.71,6.6725,6.582307692307693,0.20999999999999996,4.1,4.133333333333334,4.3,41.0,BILLINGS,MT,59102,Yellowstone,Improved Property,improved_property,improved_unknown,missing,337400.0,339734.82542259526,2334.825422595255,0.692005163780455
0.16069496829837737,0.161,6999.872819077318,45.78532021501515,-108.52155825693181,2026,418.01,4.408532320911185,-1.4220356570134984,6.71,6.6725,6.582307692307693,0.20999999999999996,4.1,4.133333333333334,4.3,41.0,BILLINGS,MT,59101,Yellowstone,Improved Property,improved_property,improved_unknown,missing,300900.0,298815.7490743906,2084.2509256093763,0.6926722916614743
0.03237595869873466,0.0,1410.2967609168816,45.7865163339557,-108.61247381285844,2026,418.01,4.408532320911185,-1.4220356570134984,6.71,6.6725,6.582307692307693,0.20999999999999996,4.1,4.133333333333334,4.3,41.0,BILLINGS,MT,59102,Yellowstone,Condominium,condominium,residential,True,313000.0,310831.7303564653,2168.2696435346734,0.6927379052826432
0.015474400507594284,0.0,674.064886110807,45.79367375600172,-108.55616984431974,2026,418.01,4.408532320911185,-1.4220356570134984,6.71,6.6725,6.582307692307693,0.20999999999999996,4.1,4.133333333333334,4.3,41.0,BILLINGS,MT,59102,Yellowstone,Condominium,condominium,residential,True,266600.0,264749.61868426215,1850.3813157378463,0.6940665100291996
0.20259652503445938,0.202,8825.104630501051,45.779134192947,-108.58454426039859,2026,418.01,4.408532320911185,-1.4220356570134984,6.71,6.6725,6.582307692307693,0.20999999999999996,4.1,4.133333333333334,4.3,41.0,BILLINGS,MT,59102,Yellowstone,Improved Property,improved_property,improved_unknown,missing,342700.0,340318.5975070825,2381.402492917492,0.6948942202852326
0.012085030000924504,0.0,526.4239068402713,45.76205103802574,-108.59975990469748,2026,418.01,4.408532320911185,-1.4220356570134984,6.71,6.6725,6.582307692307693,0.20999999999999996,4.1,4.133333333333334,4.3,41.0,BILLINGS,MT,59106,Yellowstone,Condominium,condominium,residential,True,203200.0,204615.95543968078,1415.9554396807798,0.6968284644098326
0.07174671410698423,0.072,3125.286866500233,45.76411215690504,-108.51334468996134,2026,418.01,4.408532320911185,-1.4220356570134984,6.71,6.6725,6.582307692307693,0.20999999999999996,4.1,4.133333333333334,4.3,41.0,BILLINGS,MT,59101,Yellowstone,Townhouse,townhouse,residential,True,178300.0,179544.45027428315,1244.4502742831537,0.6979530422227447
0.1790866140000109,0.179,7801.0129058404755,45.77433462896295,-108.5881547858286,2026,418.01,4.408532320911185,-1.4220356570134984,6.71,6.6725,6.582307692307693,0.20999999999999996,4.1,4.133333333333334,4.3,41.0,BILLINGS,MT,59102,Yellowstone,Improved Property,improved_property,improved_unknown,missing,337400.0,335044.78385741985,2355.216142580146,0.6980486492531554
0.03542050464856029,0.035,1542.9171824912862,45.79881887563063,-108.67926093049883,2026,418.01,4.408532320911185,-1.4220356570134984,6.71,6.6725,6.582307692307693,0.20999999999999996,4.1,4.133333333333334,4.3,41.0,BILLINGS,MT,59106,Yellowstone,Townhouse,townhouse,residential,True,310100.0,307922.8945304812,2177.105469518807,0.7020656141627885
0.23237223021381148,0.227,10122.134348113628,45.801684848095064,-108.62979607259116,2026,418.01,4.408532320911185,-1.4220356570134984,6.71,6.6725,6.582307692307693,0.20999999999999996,4.1,4.133333333333334,4.3,41.0,BILLINGS,MT,59106,Yellowstone,Improved Property,improved_property,improved_unknown,missing,471100.0,474408.2671924027,3308.26719240268,0.7022430890262534
1.5528884750414855,1.55,67643.82197280711,45.71490072040737,-108.68149594371717,2026,418.01,4.408532320911185,-1.4220356570134984,6.71,6.6725,6.582307692307693,0.20999999999999996,4.1,4.133333333333334,4.3,41.0,BILLINGS,MT,59106,Yellowstone,Improved Property,improved_property,improved_unknown,missing,392400.0,395169.4351487353,2769.435148735298,0.7057683865278537
0.03497699639138378,0.035,1523.5979628086775,45.74248083843929,-108.55543625613684,2026,418.01,4.408532320911185,-1.4220356570134984,6.71,6.6725,6.582307692307693,0.20999999999999996,4.1,4.133333333333334,4.3,41.0,BILLINGS,MT,59101,Yellowstone,Townhouse,townhouse,residential,True,274400.0,272452.64930860617,1947.3506913938327,0.7096759079423589
0.4703756114213521,0.471,20489.5616335141,45.77379584614165,-108.60768268407898,2026,418.01,4.408532320911185,-1.4220356570134984,6.71,6.6725,6.582307692307693,0.20999999999999996,4.1,4.133333333333334,4.3,41.0,BILLINGS,MT,59102,Yellowstone,Improved Property,improved_property,improved_unknown,missing,426700.0,429733.7514003502,3033.7514003501856,0.7109799391493288
0.1434953692200912,0.143,6250.658283227173,45.765005134268364,-108.51464801741248,2026,418.01,4.408532320911185,-1.4220356570134984,6.71,6.6725,6.582307692307693,0.20999999999999996,4.1,4.133333333333334,4.3,41.0,BILLINGS,MT,59101,Yellowstone,Improved Property,improved_property,improved_unknown,missing,238700.0,237002.0810736625,1697.918926337501,0.7113191982980733
0.13805919649869727,0.138,6013.858599483253,45.77972579679943,-108.6644296490251,2026,418.01,4.408532320911185,-1.4220356570134984,6.71,6.6725,6.582307692307693,0.20999999999999996,4.1,4.133333333333334,4.3,41.0,BILLINGS,MT,59106,Yellowstone,Improved Property,improved_property,improved_unknown,missing,423500.0,426520.39990058076,3020.3999005807564,0.713199504269364
0.1767692909292969,0.177,7700.070312880173,45.786634003534814,-108.54553884659435,2026,418.01,4.408532320911185,-1.4220356570134984,6.71,6.6725,6.582307692307693,0.20999999999999996,4.1,4.133333333333334,4.3,41.0,BILLINGS,MT,59102,Yellowstone,Improved Property,improved_property,improved_unknown,missing,309700.0,311919.06325771124,2219.063257711241,0.7165202640333358
0.2491534325855227,0.248,10853.123523425369,45.814131184569135,-108.4880209062266,2026,418.01,4.408532320911185,-1.4220356570134984,6.71,6.6725,6.582307692307693,0.20999999999999996,4.1,4.133333333333334,4.3,41.0,BILLINGS,MT,59105,Yellowstone,Improved Property,improved_property,improved_unknown,missing,384400.0,381645.41921821283,2754.5807817871682,0.7165922949498357
0.14918755190613323,0.149,6498.6097610311635,45.79193777667544,-108.54563272921963,2026,418.01,4.408532320911185,-1.4220356570134984,6.71,6.6725,6.582307692307693,0.20999999999999996,4.1,4.133333333333334,4.3,41.0,BILLINGS,MT,59102,Yellowstone,Improved Property,improved_property,improved_unknown,missing,295700.0,293569.1968575228,2130.803142477176,0.7205962605604248
0.1570818120482285,0.162,6842.483732820833,45.83738991264673,-108.51055060432451,2026,418.01,4.408532320911185,-1.4220356570134984,6.71,6.6725,6.582307692307693,0.20999999999999996,4.1,4.133333333333334,4.3,41.0,BILLINGS,MT,59105,Yellowstone,Improved Property,improved_property,improved_unknown,missing,342700.0,340228.00018132967,2471.9998186703306,0.7213305569507822
0.23915393839558946,0.221,10417.545556511877,45.83782477982422,-108.48944519772024,2026,418.01,4.408532320911185,-1.4220356570134984,6.71,6.6725,6.582307692307693,0.20999999999999996,4.1,4.133333333333334,4.3,41.0,BILLINGS,MT,59105,Yellowstone,Improved Property,improved_property,improved_unknown,missing,399700.0,396815.55026307225,2884.4497369277524,0.7216536744878039
0.10116174000559008,0.103,4406.605394643504,45.793685274725355,-108.5587687115324,2026,418.01,4.408532320911185,-1.4220356570134984,6.71,6.6725,6.582307692307693,0.20999999999999996,4.1,4.133333333333334,4.3,41.0,BILLINGS,MT,59102,Yellowstone,Townhouse,townhouse,residential,True,439300.0,436125.50547771266,3174.4945222873357,0.7226256595236367
0.01625760224416792,0.0,708.1811537559547,45.78582010997036,-108.5201746646267,2026,418.01,4.408532320911185,-1.4220356570134984,6.71,6.6725,6.582307692307693,0.20999999999999996,4.1,4.133333333333334,4.3,41.0,BILLINGS,MT,59101,Yellowstone,Condominium,condominium,residential,True,205800.0,207288.9063829872,1488.9063829871884,0.7234724893037845
0.10924766721690322,0.0,4758.8283839683045,45.82498367063023,-108.44055779237414,2026,418.01,4.408532320911185,-1.4220356570134984,6.71,6.6725,6.582307692307693,0.20999999999999996,4.1,4.133333333333334,4.3,41.0,BILLINGS,MT,59105,Yellowstone,Improved Property,improved_property,improved_unknown,missing,75100.0,75644.26443538701,544.2644353870128,0.7247196210213219
0.16036562013273162,0.161,6985.52641298179,45.785239240508,-108.53450645125473,2026,418.01,4.408532320911185,-1.4220356570134984,6.71,6.6725,6.582307692307693,0.20999999999999996,4.1,4.133333333333334,4.3,41.0,BILLINGS,MT,59102,Yellowstone,Improved Property,improved_property,improved_unknown,missing,297600.0,295442.46915651934,2157.5308434806648,0.7249767619222665
0.19282166263318623,0.193,8399.311624301592,45.67505174121905,-108.77646305533277,2026,418.01,4.408532320911185,-1.4220356570134984,6.71,6.6725,6.582307692307693,0.20999999999999996,4.1,4.133333333333334,4.3,41.0,LAUREL,MT,59044,Yellowstone,Improved Property,improved_property,improved_unknown,missing,273400.0,275384.2615714929,1984.2615714928834,0.7257723377808645
0.1544756771598763,0.149,6728.960497084212,45.7778871290769,-108.52771641874494,2026,418.01,4.408532320911185,-1.4220356570134984,6.71,6.6725,6.582307692307693,0.20999999999999996,4.1,4.133333333333334,4.3,41.0,BILLINGS,MT,59101,Yellowstone,Improved Property,improved_property,improved_unknown,missing,278400.0,280421.5939966254,2021.5939966253936,0.7261472689027995
0.25847318380320505,0.258,11259.091886467611,45.80872155666438,-108.39341414436686,2026,418.01,4.408532320911185,-1.4220356570134984,6.71,6.6725,6.582307692307693,0.20999999999999996,4.1,4.133333333333334,4.3,41.0,BILLINGS,MT,59101,Yellowstone,Improved Property,improved_property,improved_unknown,missing,308900.0,311147.5778769518,2247.5778769517783,0.7276069527199024
0.23387101795088047,0.234,10187.421541940354,45.75831753942015,-108.51528848821974,2026,418.01,4.408532320911185,-1.4220356570134984,6.71,6.6725,6.582307692307693,0.20999999999999996,4.1,4.133333333333334,4.3,41.0,BILLINGS,MT,59101,Yellowstone,Improved Property,improved_property,improved_unknown,missing,278400.0,276372.9822599286,2027.017740071402,0.7280954526118542
0.03345913729321618,0.144,1457.4800204924968,45.82495218483956,-108.45718685333058,2026,418.01,4.408532320911185,-1.4220356570134984,6.71,6.6725,6.582307692307693,0.20999999999999996,4.1,4.133333333333334,4.3,41.0,BILLINGS,MT,59105,Yellowstone,Townhouse,townhouse,residential,True,312200.0,309926.23839100765,2273.761608992354,0.7283028856477751
0.01286019032563965,0.019,560.1898905848632,45.737954461128155,-108.56773443323357,2026,418.01,4.408532320911185,-1.4220356570134984,6.71,6.6725,6.582307692307693,0.20999999999999996,4.1,4.133333333333334,4.3,41.0,BILLINGS,MT,59101,Yellowstone,Townhouse,townhouse,residential,True,281400.0,279343.9793518373,2056.0206481626956,0.7306398891836161
0.34561500065947814,0.344,15054.989428726867,45.7809575453676,-108.5381512791969,2026,418.01,4.408532320911185,-1.4220356570134984,6.71,6.6725,6.582307692307693,0.20999999999999996,4.1,4.133333333333334,4.3,41.0,BILLINGS,MT,59101,Yellowstone,Improved Property,improved_property,improved_unknown,missing,418900.0,415839.1728615471,3060.827138452907,0.7306820574010282
0.2656193187412946,0.266,11570.377524370791,45.961427116391384,-108.1649624141285,2026,418.01,4.408532320911185,-1.4220356570134984,6.71,6.6725,6.582307692307693,0.20999999999999996,4.1,4.133333333333334,4.3,41.0,WORDEN,MT,59088,Yellowstone,Improved Property,improved_property,improved_unknown,missing,261000.0,262909.3748063211,1909.3748063211096,0.7315612284755209
0.03315393622169276,0.099,1444.1854618169368,45.742208696632204,-108.55098589243667,2026,418.01,4.408532320911185,-1.4220356570134984,6.71,6.6725,6.582307692307693,0.20999999999999996,4.1,4.133333333333334,4.3,41.0,BILLINGS,MT,59101,Yellowstone,Townhouse,townhouse,residential,True,347500.0,344950.28011364955,2549.7198863504454,0.7337323413958117
0.21647137137417882,0.215,9429.492937059229,45.793071418109825,-108.56469289261167,2026,418.01,4.408532320911185,-1.4220356570134984,6.71,6.6725,6.582307692307693,0.20999999999999996,4.1,4.133333333333334,4.3,41.0,BILLINGS,MT,59102,Yellowstone,Improved Property,improved_property,improved_unknown,missing,365800.0,363111.8139174936,2688.1860825063777,0.7348786447529737
0.16106651329005797,0.161,7016.057318914925,45.83694546399407,-108.51117778895032,2026,418.01,4.408532320911185,-1.4220356570134984,6.71,6.6725,6.582307692307693,0.20999999999999996,4.1,4.133333333333334,4.3,41.0,BILLINGS,MT,59105,Yellowstone,Improved Property,improved_property,improved_unknown,missing,349300.0,346720.4021764483,2579.5978235516814,0.738504959505205
0.2341527526769543,0.234,10199.693906608129,45.789772263574605,-108.59621494212203,2026,418.01,4.408532320911185,-1.4220356570134984,6.71,6.6725,6.582307692307693,0.20999999999999996,4.1,4.133333333333334,4.3,41.0,BILLINGS,MT,59102,Yellowstone,Improved Property,improved_property,improved_unknown,missing,418800.0,415702.3227439117,3097.6772560882964,0.7396555052741873
630.7304489276922,640.0,27474618.355290275,45.92164179382688,-108.5597353210487,2026,418.01,4.408532320911185,-1.4220356570134984,6.71,6.6725,6.582307692307693,0.20999999999999996,4.1,4.133333333333334,4.3,41.0,missing,missing,missing,Yellowstone,Vacant Land,vacant_land,land,False,31707.0,31471.6176784514,235.38232154860088,0.7423670531699652
0.2561951738807531,0.256,11159.861774245604,45.79936224886943,-108.68903381107337,2026,418.01,4.408532320911185,-1.4220356570134984,6.71,6.6725,6.582307692307693,0.20999999999999996,4.1,4.133333333333334,4.3,41.0,BILLINGS,MT,59106,Yellowstone,Improved Property,improved_property,improved_unknown,missing,478900.0,482457.7476815058,3557.7476815058035,0.7428999126134481
1.0095155810139869,1.011,43974.498708969266,45.95326587916053,-108.34009202191811,2026,418.01,4.408532320911185,-1.4220356570134984,6.71,6.6725,6.582307692307693,0.20999999999999996,4.1,4.133333333333334,4.3,41.0,SHEPHERD,MT,59079,Yellowstone,Improved Property,improved_property,improved_unknown,missing,326100.0,323674.52422396006,2425.475776039937,0.7437828200061137
0.23212319700956838,0.232,10111.286461736798,45.80241352487469,-108.63056206137303,2026,418.01,4.408532320911185,-1.4220356570134984,6.71,6.6725,6.582307692307693,0.20999999999999996,4.1,4.133333333333334,4.3,41.0,BILLINGS,MT,59102,Yellowstone,Improved Property,improved_property,improved_unknown,missing,479200.0,475634.96482203394,3565.035177966056,0.7439555880563555
0.23267759521928907,0.233,10135.436047752231,45.823062507502435,-108.46336031253806,2026,418.01,4.408532320911185,-1.4220356570134984,6.71,6.6725,6.582307692307693,0.20999999999999996,4.1,4.133333333333334,4.3,41.0,BILLINGS,MT,59105,Yellowstone,Improved Property,improved_property,improved_unknown,missing,333400.0,335883.0151824884,2483.0151824884233,0.7447556036258018
0.2514719057986395,0.248,10954.116216588736,45.78197170878927,-108.7087651919537,2026,418.01,4.408532320911185,-1.4220356570134984,6.71,6.6725,6.582307692307693,0.20999999999999996,4.1,4.133333333333334,4.3,41.0,BILLINGS,MT,59106,Yellowstone,Vacant Land,vacant_land,land,False,26765.0,26964.647040877273,199.64704087727296,0.7459258018952847
0.18515633560841163,0.185,8065.409979102411,45.78035375381114,-108.57735296799503,2026,418.01,4.408532320911185,-1.4220356570134984,6.71,6.6725,6.582307692307693,0.20999999999999996,4.1,4.133333333333334,4.3,41.0,BILLINGS,MT,59102,Yellowstone,Improved Property,improved_property,improved_unknown,missing,332000.0,329522.4283105091,2477.5716894909274,0.746256532979195
0.05837199909747689,0.058,2542.684280686093,45.763150792418905,-108.51233198314894,2026,418.01,4.408532320911185,-1.4220356570134984,6.71,6.6725,6.582307692307693,0.20999999999999996,4.1,4.133333333333334,4.3,41.0,BILLINGS,MT,59101,Yellowstone,Townhouse,townhouse,residential,True,185100.0,186483.82588508507,1383.8258850850689,0.7476098784900427
0.15726418821160404,0.161,6850.428038497472,45.77880214048753,-108.53363713356094,2026,418.01,4.408532320911185,-1.4220356570134984,6.71,6.6725,6.582307692307693,0.20999999999999996,4.1,4.133333333333334,4.3,41.0,BILLINGS,MT,59101,Yellowstone,Improved Property,improved_property,improved_unknown,missing,299200.0,301440.03582708456,2240.035827084561,0.7486750758972462
0.24395112889059153,0.253,10626.511174474168,45.80139023436106,-108.62999227847843,2026,418.01,4.408532320911185,-1.4220356570134984,6.71,6.6725,6.582307692307693,0.20999999999999996,4.1,4.133333333333334,4.3,41.0,BILLINGS,MT,59106,Yellowstone,Improved Property,improved_property,improved_unknown,missing,465700.0,462199.36558864504,3500.6344113549567,0.7516930236965764
0.24105114570218686,0.241,10500.18790678726,45.831373905818744,-108.44110058031019,2026,418.01,4.408532320911185,-1.4220356570134984,6.71,6.6725,6.582307692307693,0.20999999999999996,4.1,4.133333333333334,4.3,41.0,BILLINGS,MT,59105,Yellowstone,Improved Property,improved_property,improved_unknown,missing,335900.0,333370.51016794663,2529.4898320533684,0.75304847634813
0.1716072186289481,0.17,7475.210443476979,45.757861997284934,-108.60987469555329,2026,418.01,4.408532320911185,-1.4220356570134984,6.71,6.6725,6.582307692307693,0.20999999999999996,4.1,4.133333333333334,4.3,41.0,BILLINGS,MT,59102,Yellowstone,Improved Property,improved_property,improved_unknown,missing,345100.0,347699.0971214758,2599.0971214757883,0.7531431821141085
0.44298495475055977,0.443,19296.424628934383,45.77200477427474,-108.63441999373111,2026,418.01,4.408532320911185,-1.4220356570134984,6.71,6.6725,6.582307692307693,0.20999999999999996,4.1,4.133333333333334,4.3,41.0,BILLINGS,MT,59106,Yellowstone,Improved Property,improved_property,improved_unknown,missing,575500.0,571156.8442538029,4343.155746197095,0.7546751948213892
0.19318090782814418,0.193,8414.96034499396,45.82611180346498,-108.48314472181744,2026,418.01,4.408532320911185,-1.4220356570134984,6.71,6.6725,6.582307692307693,0.20999999999999996,4.1,4.133333333333334,4.3,41.0,BILLINGS,MT,59105,Yellowstone,Improved Property,improved_property,improved_unknown,missing,338200.0,340755.24466904544,2555.244669045438,0.7555424804983555
0.19992240195499442,0.193,8708.619829159557,45.76008915100867,-108.59720156145521,2026,418.01,4.408532320911185,-1.4220356570134984,6.71,6.6725,6.582307692307693,0.20999999999999996,4.1,4.133333333333334,4.3,41.0,BILLINGS,MT,59102,Yellowstone,Improved Property,improved_property,improved_unknown,missing,365100.0,362338.42706472124,2761.5729352787603,0.7563880951188059
318.8126823557639,320.0,13887480.443417076,45.718410071569956,-108.29463195852956,2026,418.01,4.408532320911185,-1.4220356570134984,6.71,6.6725,6.582307692307693,0.20999999999999996,4.1,4.133333333333334,4.3,41.0,missing,missing,missing,Yellowstone,Vacant Land,vacant_land,land,False,17525.0,17392.087166457288,132.91283354271218,0.7584184510283148
0.1804675491431846,0.193,7861.1664406771215,45.677564246795534,-108.76753191373592,2026,418.01,4.408532320911185,-1.4220356570134984,6.71,6.6725,6.582307692307693,0.20999999999999996,4.1,4.133333333333334,4.3,41.0,LAUREL,MT,59044,Yellowstone,Improved Property,improved_property,improved_unknown,missing,282900.0,280737.86814035283,2162.1318596471683,0.7642742522612825
0.16742249669794476,0.168,7292.923956162474,45.76667440568353,-108.56931394778067,2026,418.01,4.408532320911185,-1.4220356570134984,6.71,6.6725,6.582307692307693,0.20999999999999996,4.1,4.133333333333334,4.3,41.0,BILLINGS,MT,59102,Yellowstone,Improved Property,improved_property,improved_unknown,missing,328900.0,331415.66772401845,2515.667724018451,0.7648731298323049
0.03325466494250518,0.0,1448.5732048955258,45.8065430520082,-108.50446241305536,2026,418.01,4.408532320911185,-1.4220356570134984,6.71,6.6725,6.582307692307693,0.20999999999999996,4.1,4.133333333333334,4.3,41.0,BILLINGS,MT,59105,Yellowstone,Condominium,condominium,residential,True,272000.0,269919.12577135675,2080.8742286432534,0.7650272899423726
0.9438084473630074,1.03,41112.2959671326,45.84513568799206,-108.46548415959592,2026,418.01,4.408532320911185,-1.4220356570134984,6.71,6.6725,6.582307692307693,0.20999999999999996,4.1,4.133333333333334,4.3,41.0,BILLINGS,MT,59105,Yellowstone,Improved Property,improved_property,improved_unknown,missing,390100.0,387109.7498279711,2990.2501720289,0.7665342660930274
0.19229360784875466,0.183,8376.309557891753,45.79304645076311,-108.55679444393193,2026,418.01,4.408532320911185,-1.4220356570134984,6.71,6.6725,6.582307692307693,0.20999999999999996,4.1,4.133333333333334,4.3,41.0,BILLINGS,MT,59102,Yellowstone,Townhouse,townhouse,residential,True,517900.0,513925.96104168723,3974.038958312769,0.7673371226709343
0.1820643489655318,0.189,7930.723040938566,45.788381520407356,-108.5888046126392,2026,418.01,4.408532320911185,-1.4220356570134984,6.71,6.6725,6.582307692307693,0.20999999999999996,4.1,4.133333333333334,4.3,41.0,BILLINGS,MT,59102,Yellowstone,Improved Property,improved_property,improved_unknown,missing,343500.0,340851.2405135536,2648.75948644639,0.7711090207995314
0.13806489113507053,0.0,6014.106657843672,45.79087955312815,-108.59962968701511,2026,418.01,4.408532320911185,-1.4220356570134984,6.71,6.6725,6.582307692307693,0.20999999999999996,4.1,4.133333333333334,4.3,41.0,BILLINGS,MT,59102,Yellowstone,Condominium,condominium,residential,True,411300.0,408127.54408201866,3172.455917981337,0.7713240743937119
0.015302509761740673,0.0,666.5773252214237,45.75893249053001,-108.60211047912485,2026,418.01,4.408532320911185,-1.4220356570134984,6.71,6.6725,6.582307692307693,0.20999999999999996,4.1,4.133333333333334,4.3,41.0,BILLINGS,MT,59102,Yellowstone,Condominium,condominium,residential,True,215300.0,213630.04739264684,1669.9526073531597,0.7756398547854899
0.1946742659726903,0.179,8480.01102577039,45.7671767289247,-108.56889742184158,2026,418.01,4.408532320911185,-1.4220356570134984,6.71,6.6725,6.582307692307693,0.20999999999999996,4.1,4.133333333333334,4.3,41.0,BILLINGS,MT,59102,Yellowstone,Improved Property,improved_property,improved_unknown,missing,331500.0,328928.5719236971,2571.4280763029237,0.7756947439827825
0.15024188530056778,0.15,6544.536523692733,45.75672353924299,-108.52875047377366,2026,418.01,4.408532320911185,-1.4220356570134984,6.71,6.6725,6.582307692307693,0.20999999999999996,4.1,4.133333333333334,4.3,41.0,BILLINGS,MT,59101,Yellowstone,Improved Property,improved_property,improved_unknown,missing,274300.0,272158.4254121089,2141.574587891111,0.7807417382031029
0.23234148874031127,0.232,10120.795249527959,45.82700238299495,-108.459354481739,2026,418.01,4.408532320911185,-1.4220356570134984,6.71,6.6725,6.582307692307693,0.20999999999999996,4.1,4.133333333333334,4.3,41.0,BILLINGS,MT,59105,Yellowstone,Improved Property,improved_property,improved_unknown,missing,334800.0,337416.06071587297,2616.060715872969,0.7813801421364902
0.3162590380456894,0.321,13776.243697270229,45.773336028238226,-108.54483388778019,2026,418.01,4.408532320911185,-1.4220356570134984,6.71,6.6725,6.582307692307693,0.20999999999999996,4.1,4.133333333333334,4.3,41.0,BILLINGS,MT,59102,Yellowstone,Improved Property,improved_property,improved_unknown,missing,344200.0,346889.60791348096,2689.607913480955,0.7814084583035894
0.19383418875951614,0.214,8443.417262364523,45.68260751565132,-108.7847803422421,2026,418.01,4.408532320911185,-1.4220356570134984,6.71,6.6725,6.582307692307693,0.20999999999999996,4.1,4.133333333333334,4.3,41.0,LAUREL,MT,59044,Yellowstone,Improved Property,improved_property,improved_unknown,missing,309600.0,307179.97536518454,2420.0246348154615,0.7816617037517639
0.5526395719177066,0.553,24072.9797527353,45.78376765209464,-108.5678311857745,2026,418.01,4.408532320911185,-1.4220356570134984,6.71,6.6725,6.582307692307693,0.20999999999999996,4.1,4.133333333333334,4.3,41.0,BILLINGS,MT,59102,Yellowstone,Improved Property,improved_property,improved_unknown,missing,599000.0,603695.7393529607,4695.739352960722,0.7839297751186515
0.1893099274415641,0.182,8246.340439354533,45.77594795494919,-108.5679434958232,2026,418.01,4.408532320911185,-1.4220356570134984,6.71,6.6725,6.582307692307693,0.20999999999999996,4.1,4.133333333333334,4.3,41.0,BILLINGS,MT,59102,Yellowstone,Improved Property,improved_property,improved_unknown,missing,332200.0,329590.54046361113,2609.4595363888657,0.7855085901230783
9.712139555935886,10.0,423060.7990565672,45.87208983616226,-108.32789888545452,2026,418.01,4.408532320911185,-1.4220356570134984,6.71,6.6725,6.582307692307693,0.20999999999999996,4.1,4.133333333333334,4.3,41.0,missing,missing,missing,Yellowstone,Vacant Land,vacant_land,land,False,1458.0,1446.468368152579,11.531631847421068,0.7909212515377961
0.17993557426552756,0.183,7837.99361500638,45.776398033158216,-108.56877460752828,2026,418.01,4.408532320911185,-1.4220356570134984,6.71,6.6725,6.582307692307693,0.20999999999999996,4.1,4.133333333333334,4.3,41.0,BILLINGS,MT,59102,Yellowstone,Improved Property,improved_property,improved_unknown,missing,325000.0,327573.0789154347,2573.078915434715,0.7917165893645276
0.25483499498390616,0.231,11100.612381498951,45.838302207211,-108.47797678069583,2026,418.01,4.408532320911185,-1.4220356570134984,6.71,6.6725,6.582307692307693,0.20999999999999996,4.1,4.133333333333334,4.3,41.0,BILLINGS,MT,59105,Yellowstone,Improved Property,improved_property,improved_unknown,missing,316400.0,318914.8245216136,2514.8245216135983,0.794824437930973
0.04678529504131962,0.0,2037.9674519998825,45.764766317866126,-108.61264997933444,2026,418.01,4.408532320911185,-1.4220356570134984,6.71,6.6725,6.582307692307693,0.20999999999999996,4.1,4.133333333333334,4.3,41.0,BILLINGS,MT,59102,Yellowstone,Improved Property,improved_property,improved_unknown,missing,123600.0,122613.57490987593,986.4250901240739,0.7980785518803187
0.1537200492996864,0.154,6696.04534749434,45.75921768758506,-108.52843057383528,2026,418.01,4.408532320911185,-1.4220356570134984,6.71,6.6725,6.582307692307693,0.20999999999999996,4.1,4.133333333333334,4.3,41.0,BILLINGS,MT,59101,Yellowstone,Improved Property,improved_property,improved_unknown,missing,270700.0,268533.59178136487,2166.4082186351297,0.8002985661747801
0.12261824963667847,0.124,5341.2509541737145,45.75498562979665,-108.51051197270186,2026,418.01,4.408532320911185,-1.4220356570134984,6.71,6.6725,6.582307692307693,0.20999999999999996,4.1,4.133333333333334,4.3,41.0,BILLINGS,MT,59101,Yellowstone,Improved Property,improved_property,improved_unknown,missing,258100.0,260168.13338921277,2068.133389212773,0.8012915107372232
0.24793718121621633,0.248,10800.143613778384,45.82209020361673,-108.48688863364248,2026,418.01,4.408532320911185,-1.4220356570134984,6.71,6.6725,6.582307692307693,0.20999999999999996,4.1,4.133333333333334,4.3,41.0,BILLINGS,MT,59105,Yellowstone,Improved Property,improved_property,improved_unknown,missing,383900.0,380822.4001488335,3077.59985116648,0.8016670620386768
0.172165068708228,0.172,7499.510392930412,45.790835443032066,-108.55344382116576,2026,418.01,4.408532320911185,-1.4220356570134984,6.71,6.6725,6.582307692307693,0.20999999999999996,4.1,4.133333333333334,4.3,41.0,BILLINGS,MT,59102,Yellowstone,Improved Property,improved_property,improved_unknown,missing,328200.0,325568.32160970476,2631.6783902952448,0.8018520384811836
0.01797821190470906,0.0,783.1309105691266,45.767293451747484,-108.59777243194716,2026,418.01,4.408532320911185,-1.4220356570134984,6.71,6.6725,6.582307692307693,0.20999999999999996,4.1,4.133333333333334,4.3,41.0,BILLINGS,MT,59102,Yellowstone,Condominium,condominium,residential,True,241500.0,243440.52498598018,1940.5249859801843,0.803530014898627
0.16069756945794267,0.161,6999.986125587982,45.78479316512536,-108.51862991488902,2026,418.01,4.408532320911185,-1.4220356570134984,6.71,6.6725,6.582307692307693,0.20999999999999996,4.1,4.133333333333334,4.3,41.0,BILLINGS,MT,59101,Yellowstone,Improved Property,improved_property,improved_unknown,missing,304000.0,301555.66285311466,2444.337146885344,0.8040582720017577
0.24793143892892258,0.248,10799.893479743867,45.822764307375074,-108.49146189224906,2026,418.01,4.408532320911185,-1.4220356570134984,6.71,6.6725,6.582307692307693,0.20999999999999996,4.1,4.133333333333334,4.3,41.0,BILLINGS,MT,59105,Yellowstone,Improved Property,improved_property,improved_unknown,missing,371600.0,374591.88023946877,2991.8802394687664,0.8051346177257175
